accountsservice	23.13.9-2ubuntu6.1	arm64
acl	2.3.2-1build1.1	arm64
adduser	3.137ubuntu1	all
adwaita-icon-theme	46.0-1	all
ai-workbench-desktop-repo	25.10-2	arm64
aisleriot	1:3.22.31-1build2	arm64
alsa-base	1.0.25+dfsg-0ubuntu7	all
alsa-utils	1.2.9-1ubuntu5	arm64
anacron	2.3-39ubuntu2	arm64
apache2-bin	2.4.58-1ubuntu8.15	arm64
apg	2.2.3.dfsg.1-5build3	arm64
apparmor	4.0.1really4.0.1-0ubuntu0.24.04.7	arm64
apport	2.28.3-0ubuntu0.1	all
apport-core-dump-handler	2.28.3-0ubuntu0.1	all
apport-gtk	2.28.3-0ubuntu0.1	all
apport-symptoms	0.25	all
appstream	1.0.2-1build6	arm64
apt	2.8.3	arm64
apt-config-icons	1.0.2-1build6	all
apt-config-icons-hidpi	1.0.2-1build6	all
apt-utils	2.8.3	arm64
aptdaemon	1.1.1+bzr982-0ubuntu44	all
aptdaemon-data	1.1.1+bzr982-0ubuntu44	all
apturl	0.5.2ubuntu23	arm64
apturl-common	0.5.2ubuntu23	arm64
aspell	0.60.8.1-1build1	arm64
aspell-en	2020.12.07-0-1	all
at-spi2-common	2.52.0-1build1	all
at-spi2-core	2.52.0-1build1	arm64
autoconf	2.71-3	all
automake	1:1.16.5-1.3ubuntu1	all
autotools-dev	20220109.1	all
avahi-autoipd	0.8-13ubuntu6.2	arm64
avahi-daemon	0.8-13ubuntu6.2	arm64
avahi-utils	0.8-13ubuntu6.2	arm64
baobab	46.0-1build1	arm64
base-files	13ubuntu10.3	arm64
base-passwd	3.6.3build1	arm64
bash	5.2.21-2ubuntu4	arm64
bash-completion	1:2.11-8	all
bc	1.07.1-3ubuntu4	arm64
bcache-tools	1.0.8-5build1	arm64
bind9-dnsutils	1:9.18.39-0ubuntu0.24.04.7	arm64
bind9-host	1:9.18.39-0ubuntu0.24.04.7	arm64
bind9-libs	1:9.18.39-0ubuntu0.24.04.7	arm64
binutils	2.42-4ubuntu2.10	arm64
binutils-aarch64-linux-gnu	2.42-4ubuntu2.10	arm64
binutils-common	2.42-4ubuntu2.10	arm64
bison	2:3.8.2+dfsg-1build2	arm64
bluez	5.72-0ubuntu5.5	arm64
bluez-cups	5.72-0ubuntu5.5	arm64
bluez-obexd	5.72-0ubuntu5.5	arm64
bolt	0.9.7-1	arm64
bpfcc-tools	0.29.1+ds-1ubuntu7	all
bpftrace	0.20.2-1ubuntu4.3	arm64
branding-ubuntu	0.11	all
brltty	6.6-4ubuntu5	arm64
bsdextrautils	2.39.3-9ubuntu6.6	arm64
bsdutils	1:2.39.3-9ubuntu6.6	arm64
btrfs-progs	6.6.3-1.1build2	arm64
bubblewrap	0.9.0-1ubuntu0.1	arm64
build-essential	12.10ubuntu1	arm64
busybox-initramfs	1:1.36.1-6ubuntu3.1	arm64
busybox-static	1:1.36.1-6ubuntu3.1	arm64
byobu	6.11-0ubuntu1.1	all
bzip2	1.0.8-5.1ubuntu0.1	arm64
ca-certificates	20260601~24.04.1	all
ca-certificates-java	20240118	all
cheese	44.1-1build4	arm64
cheese-common	44.1-1build4	all
chrpath	0.16-2build1	arm64
cifs-utils	2:7.0-2ubuntu0.5	arm64
cloud-guest-utils	0.33-1	all
cloud-init	26.1-0ubuntu1~24.04.1	all
cloud-initramfs-copymods	0.49~24.04.1	all
cloud-initramfs-dyn-netconf	0.49~24.04.1	all
cmake	3.28.3-1build7	arm64
cmake-data	3.28.3-1build7	all
colord	1.4.7-1build2	arm64
colord-data	1.4.7-1build2	all
command-not-found	23.04.0	all
console-setup	1.226ubuntu1.1	all
console-setup-linux	1.226ubuntu1.1	all
containerd.io	2.2.1-1~ubuntu.24.04~noble	arm64
coreutils	9.4-3ubuntu6.3	arm64
cpio	2.15+dfsg-1ubuntu2.1	arm64
cpp	4:13.2.0-7ubuntu1	arm64
cpp-13	13.3.0-6ubuntu2~24.04.1	arm64
cpp-13-aarch64-linux-gnu	13.3.0-6ubuntu2~24.04.1	arm64
cpp-aarch64-linux-gnu	4:13.2.0-7ubuntu1	arm64
cracklib-runtime	2.9.6-5.1build2	arm64
cron	3.0pl1-184ubuntu2	arm64
cron-daemon-common	3.0pl1-184ubuntu2	all
cryptsetup	2:2.7.0-1ubuntu4.2	arm64
cryptsetup-bin	2:2.7.0-1ubuntu4.2	arm64
cryptsetup-initramfs	2:2.7.0-1ubuntu4.2	all
cuda-cccl-13-0	13.0.85-1	arm64
cuda-command-line-tools-13-0	13.0.3-1	arm64
cuda-compiler-13-0	13.0.3-1	arm64
cuda-compute-repo-lowpri	25.10-2	arm64
cuda-crt-13-0	13.0.88-1	arm64
cuda-cudart-13-0	13.0.96-1	arm64
cuda-cudart-dev-13-0	13.0.96-1	arm64
cuda-culibos-dev-13-0	13.0.85-1	arm64
cuda-cuobjdump-13-0	13.0.85-1	arm64
cuda-cupti-13-0	13.0.85-1	arm64
cuda-cupti-dev-13-0	13.0.85-1	arm64
cuda-cuxxfilt-13-0	13.0.85-1	arm64
cuda-documentation-13-0	13.0.85-1	arm64
cuda-driver-dev-13-0	13.0.96-1	arm64
cuda-gdb-13-0	13.0.85-1	arm64
cuda-libraries-13-0	13.0.3-1	arm64
cuda-libraries-dev-13-0	13.0.3-1	arm64
cuda-nsight-compute-13-0	13.0.3-1	arm64
cuda-nsight-systems-13-0	13.0.3-1	arm64
cuda-nvcc-13-0	13.0.88-1	arm64
cuda-nvdisasm-13-0	13.0.85-1	arm64
cuda-nvml-dev-13-0	13.0.87-1	arm64
cuda-nvprune-13-0	13.0.85-1	arm64
cuda-nvrtc-13-0	13.0.88-1	arm64
cuda-nvrtc-dev-13-0	13.0.88-1	arm64
cuda-nvtx-13-0	13.0.85-1	arm64
cuda-profiler-api-13-0	13.0.85-1	arm64
cuda-sanitizer-13-0	13.0.85-1	arm64
cuda-toolkit-13-0	13.0.3-1	arm64
cuda-toolkit-13-0-config-common	13.0.96-1	all
cuda-toolkit-13-config-common	13.3.29-1	all
cuda-toolkit-config-common	13.3.29-1	all
cuda-tools-13-0	13.0.3-1	arm64
cuda-visual-tools-13-0	13.0.3-1	arm64
cups	2.4.7-1.2ubuntu7.14	arm64
cups-browsed	2.0.0-0ubuntu10.3	arm64
cups-bsd	2.4.7-1.2ubuntu7.14	arm64
cups-client	2.4.7-1.2ubuntu7.14	arm64
cups-common	2.4.7-1.2ubuntu7.14	all
cups-core-drivers	2.4.7-1.2ubuntu7.14	arm64
cups-daemon	2.4.7-1.2ubuntu7.14	arm64
cups-filters	2.0.0-0ubuntu4.1	arm64
cups-filters-core-drivers	2.0.0-0ubuntu4.1	arm64
cups-ipp-utils	2.4.7-1.2ubuntu7.14	arm64
cups-pk-helper	0.2.6-1ubuntu8	arm64
cups-ppdc	2.4.7-1.2ubuntu7.14	arm64
cups-server-common	2.4.7-1.2ubuntu7.14	all
curl	8.5.0-2ubuntu10.13	arm64
dash	0.5.12-6ubuntu5	arm64
dbus	1.14.10-4ubuntu4.1	arm64
dbus-bin	1.14.10-4ubuntu4.1	arm64
dbus-daemon	1.14.10-4ubuntu4.1	arm64
dbus-session-bus-common	1.14.10-4ubuntu4.1	all
dbus-system-bus-common	1.14.10-4ubuntu4.1	all
dbus-user-session	1.14.10-4ubuntu4.1	arm64
dc	1.07.1-3ubuntu4	arm64
dconf-cli	0.40.0-4ubuntu0.1	arm64
dconf-gsettings-backend	0.40.0-4ubuntu0.1	arm64
dconf-service	0.40.0-4ubuntu0.1	arm64
debconf	1.5.86ubuntu1	all
debconf-i18n	1.5.86ubuntu1	all
debianutils	5.17build1	arm64
deja-dup	45.2-1build2	arm64
desktop-file-utils	0.27-2build1	arm64
dgx-dashboard	0.23.3	arm64
dgx-oobe	0.19.4	arm64
dgx-oobe-desktop	0.4.6-108	arm64
dgx-release	7.5.0	all
dgx-repo	25.10-2	arm64
dgx-spark-mlnx-hotplug	26.01-1	all
dgx-spark-ota-update-meta	26.03.1	all
dgxstation-desktop	25.11-1	all
dgxstation-grub	25.02-1	all
dhcpcd-base	1:10.0.6-1ubuntu3.2	arm64
dictionaries-common	1.29.7	all
diffutils	1:3.10-1ubuntu0.1	arm64
dirmngr	2.4.4-2ubuntu17.6	arm64
distro-info	1.7build1	arm64
distro-info-data	0.72-0ubuntu0.24.04.1	all
dmeventd	2:1.02.185-3ubuntu3.2	arm64
dmidecode	3.5-3ubuntu0.1	arm64
dmraid	1.0.0.rc16-12ubuntu2	arm64
dmsetup	2:1.02.185-3ubuntu3.2	arm64
dmz-cursor-theme	0.4.5ubuntu1	all
dnsmasq	2.91-0ubuntu0.24.04.1	all
dnsmasq-base	2.91-0ubuntu0.24.04.1	arm64
docbook-xml	4.5-12	all
docker-buildx-plugin	0.31.1-1~ubuntu.24.04~noble	arm64
docker-ce	5:29.2.1-1~ubuntu.24.04~noble	arm64
docker-ce-cli	5:29.2.1-1~ubuntu.24.04~noble	arm64
docker-compose-plugin	5.0.2-1~ubuntu.24.04~noble	arm64
dosfstools	4.2-1.1build1	arm64
dpkg	1.22.6ubuntu6.6	arm64
dpkg-dev	1.22.6ubuntu6.6	all
dracut-install	060+5-1ubuntu3.3	arm64
duplicity	2.1.4-3ubuntu2	arm64
e2fsprogs	1.47.0-2.4~exp1ubuntu4.1	arm64
e2fsprogs-l10n	1.47.0-2.4~exp1ubuntu4.1	all
eatmydata	131-1ubuntu1	all
ed	1.20.1-1	arm64
efibootmgr	18-1build2	arm64
efivar	38-3.1build1	arm64
eject	2.39.3-9ubuntu6.6	arm64
emacsen-common	3.0.5	all
enchant-2	2.3.3-2build2	arm64
endeavour	43.0-1build3	arm64
endeavour-common	43.0-1build3	all
eog	45.3-1ubuntu2	arm64
espeak-ng-data	1.51+dfsg-12build1	arm64
ethtool	1:6.7-1build1	arm64
evince	46.3.1-0ubuntu1.1	arm64
evince-common	46.3.1-0ubuntu1.1	all
evolution-data-server	3.52.3-0ubuntu1.2	arm64
evolution-data-server-common	3.52.3-0ubuntu1.2	all
fdisk	2.39.3-9ubuntu6.6	arm64
file	1:5.45-3build1	arm64
file-roller	44.3-0ubuntu2	arm64
finalrd	9build1	all
findutils	4.9.0-5build1	arm64
firefox	1:1snap1-0ubuntu5	arm64
firefox-locale-de	1:1snap1-0ubuntu5	all
firefox-locale-en	1:1snap1-0ubuntu5	all
firefox-locale-es	1:1snap1-0ubuntu5	all
firefox-locale-fr	1:1snap1-0ubuntu5	all
firefox-locale-it	1:1snap1-0ubuntu5	all
firefox-locale-pt	1:1snap1-0ubuntu5	all
firefox-locale-ru	1:1snap1-0ubuntu5	all
firefox-locale-zh-hans	1:1snap1-0ubuntu5	all
firmware-sof-signed	2023.12.1-1ubuntu1.11	all
flex	2.6.4-8.2build1	arm64
fontconfig	2.15.0-1.1ubuntu2	arm64
fontconfig-config	2.15.0-1.1ubuntu2	arm64
fonts-arphic-ukai	0.2.20080216.2-5	all
fonts-arphic-uming	0.2.20080216.2-10ubuntu2	all
fonts-beng	2:1.3	all
fonts-beng-extra	3.3.1-2	all
fonts-cantarell	0.303.1-1	all
fonts-dejavu-core	2.37-8	all
fonts-dejavu-mono	2.37-8	all
fonts-deva	2:1.4	all
fonts-deva-extra	3.0-6	all
fonts-droid-fallback	1:6.0.1r16-1.1build1	all
fonts-gargi	2.0-6	all
fonts-gubbi	1.3-7	all
fonts-gujr	2:1.5	all
fonts-gujr-extra	1.0.1-2	all
fonts-guru	2:1.3	all
fonts-guru-extra	2.0-5	all
fonts-indic	2:1.4	all
fonts-kacst	2.01+mry-15	all
fonts-kacst-one	5.0+svn11846-10	all
fonts-kalapi	1.0-5	all
fonts-khmeros-core	5.0-9ubuntu1	all
fonts-knda	2:1.3	all
fonts-lao	0.0.20060226-10ubuntu2	all
fonts-liberation	1:2.1.5-3	all
fonts-liberation2	1:2.1.5-3	all
fonts-lklug-sinhala	0.6-4	all
fonts-lohit-beng-assamese	2.91.5-2	all
fonts-lohit-beng-bengali	2.91.5-3	all
fonts-lohit-deva	2.95.4-5	all
fonts-lohit-gujr	2.92.4-4	all
fonts-lohit-guru	2.91.2-3	all
fonts-lohit-knda	2.5.4-3	all
fonts-lohit-mlym	2.92.2-2	all
fonts-lohit-orya	2.91.2-2	all
fonts-lohit-taml	2.91.3-2	all
fonts-lohit-taml-classical	2.5.4-2	all
fonts-lohit-telu	2.5.5-2build1	all
fonts-mlym	2:1.3	all
fonts-nakula	1.0-4	all
fonts-navilu	1.2-4	all
fonts-noto-cjk	1:20230817+repack1-3	all
fonts-noto-color-emoji	2.047-0ubuntu0.24.04.1	all
fonts-noto-mono	20201225-2	all
fonts-opensymbol	4:102.12+LibO24.2.7-0ubuntu0.24.04.6	all
fonts-orya	2:1.3	all
fonts-orya-extra	2.0-6	all
fonts-pagul	1.0-9	all
fonts-sahadeva	1.0-5	all
fonts-samyak-deva	1.2.2-6	all
fonts-samyak-gujr	1.2.2-6	all
fonts-samyak-mlym	1.2.2-6	all
fonts-samyak-taml	1.2.2-6	all
fonts-sarai	1.0-3	all
fonts-sil-abyssinica	2.201-1	all
fonts-sil-annapurna	2.000-2	all
fonts-sil-padauk	5.001-1	all
fonts-smc	1:7.5	all
fonts-smc-anjalioldlipi	7.1.2-2	all
fonts-smc-chilanka	1.540-2	all
fonts-smc-dyuthi	3.0.2-2	all
fonts-smc-gayathri	1.200-1	all
fonts-smc-karumbi	1.1.2-2	all
fonts-smc-keraleeyam	3.0.2-2	all
fonts-smc-manjari	2.200-1	all
fonts-smc-meera	7.0.3-1	all
fonts-smc-rachana	7.0.2-1build1	all
fonts-smc-raghumalayalamsans	2.2.1-1	all
fonts-smc-suruma	3.2.3-1	all
fonts-smc-uroob	2.0.2-1	all
fonts-taml	2:1.4	all
fonts-telu	2:1.3	all
fonts-telu-extra	2.0-6	all
fonts-teluguvijayam	2.1-1	all
fonts-thai-tlwg	1:0.7.3-1	all
fonts-tibetan-machine	1.901b-6	all
fonts-tlwg-garuda	1:0.7.3-1	all
fonts-tlwg-garuda-ttf	1:0.7.3-1	all
fonts-tlwg-kinnari	1:0.7.3-1	all
fonts-tlwg-kinnari-ttf	1:0.7.3-1	all
fonts-tlwg-laksaman	1:0.7.3-1	all
fonts-tlwg-laksaman-ttf	1:0.7.3-1	all
fonts-tlwg-loma	1:0.7.3-1	all
fonts-tlwg-loma-ttf	1:0.7.3-1	all
fonts-tlwg-mono	1:0.7.3-1	all
fonts-tlwg-mono-ttf	1:0.7.3-1	all
fonts-tlwg-norasi	1:0.7.3-1	all
fonts-tlwg-norasi-ttf	1:0.7.3-1	all
fonts-tlwg-purisa	1:0.7.3-1	all
fonts-tlwg-purisa-ttf	1:0.7.3-1	all
fonts-tlwg-sawasdee	1:0.7.3-1	all
fonts-tlwg-sawasdee-ttf	1:0.7.3-1	all
fonts-tlwg-typewriter	1:0.7.3-1	all
fonts-tlwg-typewriter-ttf	1:0.7.3-1	all
fonts-tlwg-typist	1:0.7.3-1	all
fonts-tlwg-typist-ttf	1:0.7.3-1	all
fonts-tlwg-typo	1:0.7.3-1	all
fonts-tlwg-typo-ttf	1:0.7.3-1	all
fonts-tlwg-umpush	1:0.7.3-1	all
fonts-tlwg-umpush-ttf	1:0.7.3-1	all
fonts-tlwg-waree	1:0.7.3-1	all
fonts-tlwg-waree-ttf	1:0.7.3-1	all
fonts-ubuntu	0.869+git20240321-0ubuntu1	all
fonts-ubuntu-console	0.869+git20240321-0ubuntu1	all
fonts-urw-base35	20200910-8	all
fonts-wine	9.0~repack-4build3	all
fonts-yrsa-rasa	2.005-1	all
foomatic-db-compressed-ppds	20230202-1	all
fping	5.1-1	arm64
fprintd	1.94.3-1	arm64
freeipmi-common	1.6.13-3ubuntu0.1	all
friendly-recovery	0.2.42	all
ftp	20230507-2build3	all
fuse3	3.14.0-5build1	arm64
fwupd	2.0.20-1ubuntu2~24.04.2	arm64
fwupd-signed	1.52+1.4-1	arm64
g++	4:13.2.0-7ubuntu1	arm64
g++-13	13.3.0-6ubuntu2~24.04.1	arm64
g++-13-aarch64-linux-gnu	13.3.0-6ubuntu2~24.04.1	arm64
g++-aarch64-linux-gnu	4:13.2.0-7ubuntu1	arm64
gamemode	1.8.1-2build1	arm64
gamemode-daemon	1.8.1-2build1	arm64
gawk	1:5.2.1-2ubuntu0.1	arm64
gcc	4:13.2.0-7ubuntu1	arm64
gcc-13	13.3.0-6ubuntu2~24.04.1	arm64
gcc-13-aarch64-linux-gnu	13.3.0-6ubuntu2~24.04.1	arm64
gcc-13-base	13.3.0-6ubuntu2~24.04.1	arm64
gcc-14-base	14.2.0-4ubuntu2~24.04.1	arm64
gcc-aarch64-linux-gnu	4:13.2.0-7ubuntu1	arm64
gcr	3.41.2-1build3	arm64
gcr4	4.2.0-5	arm64
gdb	15.1-1ubuntu1~24.04.1	arm64
gdbserver	15.1-1ubuntu1~24.04.1	arm64
gdisk	1.0.10-1build1	arm64
gdm3	46.2-1ubuntu1~24.04.9	arm64
gds-tools-13-0	1.15.1.6-1	arm64
gedit	46.2-2	arm64
gedit-common	46.2-2	all
geoclue-2.0	2.7.0-3ubuntu7	arm64
geocode-glib-common	3.26.3-6build3	all
gettext-base	0.21-14ubuntu2	arm64
ghostscript	10.02.1~dfsg1-0ubuntu7.8	arm64
gir1.2-accountsservice-1.0	23.13.9-2ubuntu6.1	arm64
gir1.2-adw-1	1.5.0-1ubuntu2	arm64
gir1.2-amtk-5	5.8.0-4build2	arm64
gir1.2-atk-1.0	2.52.0-1build1	arm64
gir1.2-atspi-2.0	2.52.0-1build1	arm64
gir1.2-dbusmenu-glib-0.4	18.10.20180917~bzr492+repack1-3.1ubuntu5	arm64
gir1.2-dee-1.0	1.2.7+17.10.20170616-7build5	arm64
gir1.2-evince-3.0	46.3.1-0ubuntu1.1	arm64
gir1.2-freedesktop	1.80.1-1	arm64
gir1.2-gck-2	4.2.0-5	arm64
gir1.2-gcr-4	4.2.0-5	arm64
gir1.2-gdesktopenums-3.0	46.1-0ubuntu1	arm64
gir1.2-gdkpixbuf-2.0	2.42.10+dfsg-3ubuntu3.3	arm64
gir1.2-gdm-1.0	46.2-1ubuntu1~24.04.9	arm64
gir1.2-geoclue-2.0	2.7.0-3ubuntu7	arm64
gir1.2-girepository-2.0	1.80.1-1	arm64
gir1.2-glib-2.0	2.80.0-6ubuntu3.8	arm64
gir1.2-gmenu-3.0	3.36.0-1.1ubuntu3	arm64
gir1.2-gnomeautoar-0.1	0.4.4-2build4	arm64
gir1.2-gnomebg-4.0	44.0-5build2	arm64
gir1.2-gnomebluetooth-3.0	46.0-1ubuntu1	arm64
gir1.2-gnomedesktop-3.0	44.0-5build2	arm64
gir1.2-gnomedesktop-4.0	44.0-5build2	arm64
gir1.2-graphene-1.0	1.10.8-3build2	arm64
gir1.2-gst-plugins-base-1.0	1.24.2-1ubuntu0.4	arm64
gir1.2-gstreamer-1.0	1.24.2-1ubuntu0.1	arm64
gir1.2-gtk-3.0	3.24.41-4ubuntu1.3	arm64
gir1.2-gtk-4.0	4.14.5+ds-0ubuntu0.10	arm64
gir1.2-gtksource-300	299.0.4-3build1	arm64
gir1.2-gtksource-4	4.8.4-5build4	arm64
gir1.2-gtop-2.0	2.41.3-1ubuntu1~2	arm64
gir1.2-gudev-1.0	1:238-5ubuntu1	arm64
gir1.2-gweather-4.0	4.4.2-1build1	arm64
gir1.2-handy-1	1.8.3-1build2	arm64
gir1.2-harfbuzz-0.0	8.3.0-2build2	arm64
gir1.2-ibus-1.0	1.5.29-2	arm64
gir1.2-javascriptcoregtk-4.1	2.52.6-0ubuntu0.24.04.1	arm64
gir1.2-javascriptcoregtk-6.0	2.52.6-0ubuntu0.24.04.1	arm64
gir1.2-mutter-14	46.2-1ubuntu0.24.04.16	arm64
gir1.2-nm-1.0	1.46.0-1ubuntu2.8	arm64
gir1.2-nma4-1.0	1.10.6-3build2	arm64
gir1.2-notify-0.7	0.8.3-1build2	arm64
gir1.2-packagekitglib-1.0	1.2.8-2ubuntu1.5	arm64
gir1.2-pango-1.0	1.52.1+ds-1build1	arm64
gir1.2-peas-1.0	1.36.0-3build4	arm64
gir1.2-polkit-1.0	124-2ubuntu1.24.04.3	arm64
gir1.2-rb-3.0	3.4.7-2ubuntu6	arm64
gir1.2-rsvg-2.0	2.58.0+dfsg-1build1	arm64
gir1.2-secret-1	0.21.4-1build3	arm64
gir1.2-snapd-2	1.64-0ubuntu5	arm64
gir1.2-soup-3.0	3.4.4-5ubuntu0.7	arm64
gir1.2-tepl-6	6.8.0-2build4	arm64
gir1.2-totem-1.0	43.0-2ubuntu4	arm64
gir1.2-totemplparser-1.0	3.26.6-1build5	arm64
gir1.2-udisks-2.0	2.10.1-6ubuntu1.5	arm64
gir1.2-unity-7.0	7.1.4+19.04.20190319-6build4	arm64
gir1.2-upowerglib-1.0	1.90.3-1	arm64
gir1.2-vte-2.91	0.76.0-1ubuntu0.1	arm64
gir1.2-webkit-6.0	2.52.6-0ubuntu0.24.04.1	arm64
gir1.2-webkit2-4.1	2.52.6-0ubuntu0.24.04.1	arm64
gir1.2-wnck-3.0	43.0-3build4	arm64
git	1:2.43.0-1ubuntu7.3	arm64
git-man	1:2.43.0-1ubuntu7.3	all
gjs	1.80.2-1build2	arm64
gkbd-capplet	3.28.1-1build3	arm64
gkrellm	2.3.11-2build2	arm64
glib-networking	2.80.0-1build1	arm64
glib-networking-common	2.80.0-1build1	all
glib-networking-services	2.80.0-1build1	arm64
gnome-accessibility-themes	3.28-2ubuntu5	all
gnome-backgrounds	45.0-1	all
gnome-bluetooth-3-common	46.0-1ubuntu1	all
gnome-bluetooth-sendto	46.0-1ubuntu1	arm64
gnome-calculator	1:46.3-0ubuntu0.1	arm64
gnome-calendar	46.1-0ubuntu2	arm64
gnome-characters	46.0-1build1	arm64
gnome-control-center	1:46.7-0ubuntu0.24.04.6	arm64
gnome-control-center-data	1:46.7-0ubuntu0.24.04.6	all
gnome-control-center-faces	1:46.7-0ubuntu0.24.04.6	all
gnome-desktop3-data	44.0-5build2	all
gnome-disk-utility	46.0-1ubuntu3	arm64
gnome-font-viewer	46.0-1build1	arm64
gnome-initial-setup	46.3-1ubuntu3~24.04.2	arm64
gnome-keyring	46.1-2ubuntu0.2	arm64
gnome-keyring-pkcs11	46.1-2ubuntu0.2	arm64
gnome-logs	45.0-1build1	arm64
gnome-mahjongg	1:3.40.1-1	arm64
gnome-menus	3.36.0-1.1ubuntu3	arm64
gnome-mines	1:40.1-1build2	arm64
gnome-online-accounts	3.50.4-0ubuntu2	arm64
gnome-power-manager	43.0-2build2	arm64
gnome-remote-desktop	46.3-0ubuntu1.2	arm64
gnome-screenshot	41.0-2build2	arm64
gnome-session	46.0-1ubuntu4	all
gnome-session-bin	46.0-1ubuntu4	arm64
gnome-session-canberra	0.30-10ubuntu10	arm64
gnome-session-common	46.0-1ubuntu4	all
gnome-settings-daemon	46.0-1ubuntu1.24.04.1	arm64
gnome-settings-daemon-common	46.0-1ubuntu1.24.04.1	all
gnome-shell	46.0-0ubuntu6~24.04.14	arm64
gnome-shell-common	46.0-0ubuntu6~24.04.14	all
gnome-shell-extension-appindicator	58-1ubuntu24.04.1	all
gnome-shell-extension-desktop-icons-ng	46+really47.0.9-1ubuntu5	all
gnome-shell-extension-prefs	46.0-0ubuntu6~24.04.14	arm64
gnome-shell-extension-ubuntu-dock	90ubuntu3	all
gnome-shell-extension-ubuntu-tiling-assistant	46-1ubuntu1.1	all
gnome-shell-extensions	46.1-2	all
gnome-startup-applications	46.0-1ubuntu4	arm64
gnome-sudoku	1:46.0-1build1	arm64
gnome-sushi	46.0-1	arm64
gnome-system-monitor	46.0-1build1	arm64
gnome-terminal	3.52.0-1ubuntu2	arm64
gnome-terminal-data	3.52.0-1ubuntu2	all
gnome-text-editor	46.3-0ubuntu2	arm64
gnome-themes-extra	3.28-2ubuntu5	arm64
gnome-themes-extra-data	3.28-2ubuntu5	all
gnome-tweaks	46.0-2	all
gnome-user-docs	46.0-1ubuntu1	all
gnome-user-docs-de	46.0-1ubuntu1	all
gnome-user-docs-es	46.0-1ubuntu1	all
gnome-user-docs-fr	46.0-1ubuntu1	all
gnome-user-docs-it	46.0-1ubuntu1	all
gnome-user-docs-pt	46.0-1ubuntu1	all
gnome-user-docs-ru	46.0-1ubuntu1	all
gnome-user-docs-zh-hans	46.0-1ubuntu1	all
gnome-user-share	43.0-1build2	arm64
gnome-video-effects	0.6.0-1ubuntu1	all
gnupg	2.4.4-2ubuntu17.6	all
gnupg-l10n	2.4.4-2ubuntu17.6	all
gnupg-utils	2.4.4-2ubuntu17.6	arm64
golang-1.22-go	1.22.2-2ubuntu0.4	arm64
golang-1.22-src	1.22.2-2ubuntu0.4	all
golang-go	2:1.22~2build1	arm64
golang-src	2:1.22~2build1	all
google-chrome-stable	152.0.7977.82-1	arm64
gparted	1.5.0-1build4	arm64
gparted-common	1.5.0-1build4	all
gpg	2.4.4-2ubuntu17.6	arm64
gpg-agent	2.4.4-2ubuntu17.6	arm64
gpg-wks-client	2.4.4-2ubuntu17.6	arm64
gpgconf	2.4.4-2ubuntu17.6	arm64
gpgsm	2.4.4-2ubuntu17.6	arm64
gpgv	2.4.4-2ubuntu17.6	arm64
grep	3.11-4build1	arm64
grilo-plugins-0.3-base	0.3.16-1.1ubuntu6.1~24.04.1	arm64
groff-base	1.23.0-3build2	arm64
grub-common	2.12-1ubuntu7.3	arm64
grub-efi-arm64	2.12-1ubuntu7.3	arm64
grub-efi-arm64-bin	2.12-1ubuntu7.3	arm64
grub-efi-arm64-signed	1.202.5+2.12-1ubuntu7.3	arm64
grub2-common	2.12-1ubuntu7.3	arm64
gsettings-desktop-schemas	46.1-0ubuntu1	all
gsettings-ubuntu-schemas	0.0.7+21.10.20210712-0ubuntu3	all
gstreamer1.0-alsa	1.24.2-1ubuntu0.4	arm64
gstreamer1.0-clutter-3.0	3.0.27-4build1	arm64
gstreamer1.0-gl	1.24.2-1ubuntu0.4	arm64
gstreamer1.0-gtk3	1.24.2-1ubuntu1.5	arm64
gstreamer1.0-packagekit	1.2.8-2ubuntu1.5	arm64
gstreamer1.0-pipewire	1.0.5-1ubuntu3.3	arm64
gstreamer1.0-plugins-base	1.24.2-1ubuntu0.4	arm64
gstreamer1.0-plugins-base-apps	1.24.2-1ubuntu0.4	arm64
gstreamer1.0-plugins-good	1.24.2-1ubuntu1.5	arm64
gstreamer1.0-tools	1.24.2-1ubuntu0.1	arm64
gstreamer1.0-x	1.24.2-1ubuntu0.4	arm64
gtk-im-libthai	0.2.2-2build2	arm64
gtk-update-icon-cache	3.24.41-4ubuntu1.3	arm64
gtk2-engines-murrine	0.98.2-4	arm64
gtk2-engines-pixbuf	2.24.33-4ubuntu1.1	arm64
guile-3.0-libs	3.0.9-1build2	arm64
gvfs	1.54.4-0ubuntu1~24.04.2	arm64
gvfs-backends	1.54.4-0ubuntu1~24.04.2	arm64
gvfs-common	1.54.4-0ubuntu1~24.04.2	all
gvfs-daemons	1.54.4-0ubuntu1~24.04.2	arm64
gvfs-fuse	1.54.4-0ubuntu1~24.04.2	arm64
gvfs-libs	1.54.4-0ubuntu1~24.04.2	arm64
gzip	1.12-1ubuntu3.2	arm64
hdparm	9.65+ds-1build1	arm64
heif-gdk-pixbuf	1.17.6-1ubuntu4.8	arm64
heif-thumbnailer	1.17.6-1ubuntu4.8	arm64
hicolor-icon-theme	0.17-2	all
hostname	3.23+nmu2ubuntu2	arm64
hpc-sdk-repo	25.10-2	arm64
hplip	3.23.12+dfsg0-0ubuntu5.1	arm64
hplip-data	3.23.12+dfsg0-0ubuntu5.1	all
htop	3.3.0-4build1	arm64
humanity-icon-theme	0.6.16	all
hunspell-de-at-frami	1:24.2.1-1	all
hunspell-de-ch-frami	1:24.2.1-1	all
hunspell-de-de-frami	1:24.2.1-1	all
hunspell-en-au	1:2020.12.07-2	all
hunspell-en-ca	1:2020.12.07-2	all
hunspell-en-gb	1:24.2.1-1	all
hunspell-en-us	1:2020.12.07-2	all
hunspell-en-za	1:24.2.1-1	all
hunspell-es	1:24.2.1-1	all
hunspell-fr	1:7.0-1	all
hunspell-fr-classical	1:7.0-1	all
hunspell-it	1:24.2.1-1	all
hunspell-pt-br	1:24.2.1-1	all
hunspell-pt-pt	1:24.2.1-1	all
hunspell-ru	1:24.2.1-1	all
hwdata	0.379-1	all
hyphen-de	1:24.2.1-1	all
hyphen-en-ca	0.10ubuntu2	all
hyphen-en-gb	1:24.2.1-1	all
hyphen-en-us	2.8.8-7build3	all
hyphen-es	1:24.2.1-1	all
hyphen-fr	1:24.2.1-1	all
hyphen-it	1:24.2.1-1	all
hyphen-pt-br	1:24.2.1-1	all
hyphen-pt-pt	1:24.2.1-1	all
hyphen-ru	20030310-1ubuntu3	all
ibus	1.5.29-2	arm64
ibus-chewing	2.0.0-1build2	arm64
ibus-data	1.5.29-2	all
ibus-gtk	1.5.29-2	arm64
ibus-gtk3	1.5.29-2	arm64
ibus-hangul	1.5.5-2build2	arm64
ibus-libpinyin	1.15.7-1build2	arm64
ibus-m17n	1.4.28-1build2	arm64
ibus-mozc	2.28.4715.102+dfsg-2.2build7	arm64
ibus-table	1.17.4-2	all
ibus-table-cangjie	1.8.12-1	all
ibus-table-cangjie-big	1.8.12-1	all
ibus-table-cangjie3	1.8.12-1	all
ibus-table-cangjie5	1.8.12-1	all
ibus-table-quick-classic	1.8.12-1	all
ibus-table-wubi	1.8.12-1	all
ibus-unikey	0.7.0~beta1-1build4	arm64
ibverbs-providers	50.0-2ubuntu0.2	arm64
ibverbs-utils	50.0-2ubuntu0.2	arm64
ieee-data	20220827.1	all
iio-sensor-proxy	3.5-1build2	arm64
inetutils-telnet	2:2.5-3ubuntu4.2	arm64
info	7.1-3build2	arm64
init	1.66ubuntu1	arm64
init-system-helpers	1.66ubuntu1	all
initramfs-tools	0.142ubuntu25.8	all
initramfs-tools-bin	0.142ubuntu25.8	arm64
initramfs-tools-core	0.142ubuntu25.8	all
inputattach	1:1.8.1-2build1	arm64
install-info	7.1-3build2	arm64
ipcalc	0.51-1	all
iperf	2.1.9+dfsg-1	arm64
ipmitool	1.8.19-7ubuntu0.24.04.3	arm64
iproute2	6.1.0-1ubuntu6.4	arm64
iptables	1.8.10-3ubuntu2	arm64
iputils-ping	3:20240117-1ubuntu0.1	arm64
iputils-tracepath	3:20240117-1ubuntu0.1	arm64
iso-codes	4.16.0-1	all
iw	6.7-1build1	arm64
java-common	0.75+exp1	all
jfsutils	1.1.15-5build4	arm64
jq	1.7.1-3ubuntu0.24.04.2	arm64
kbd	2.6.4-2ubuntu2	arm64
kdump-tools	1:1.10.3ubuntu2	arm64
kexec-tools	1:2.0.28-0ubuntu3	arm64
keyboard-configuration	1.226ubuntu1.1	all
keyboxd	2.4.4-2ubuntu17.6	arm64
keyutils	1.6.3-3build1	arm64
klibc-utils	2.0.13-4ubuntu0.2	arm64
kmod	31+20240202-2ubuntu7.2	arm64
kpartx	0.9.4-5ubuntu8.2	arm64
kpartx-boot	0.9.4-5ubuntu8.2	all
krb5-locales	1.20.1-6ubuntu2.8	all
landscape-common	24.02-0ubuntu5.7	arm64
language-pack-de	1:24.04+20250724	all
language-pack-de-base	1:24.04+20250724	all
language-pack-en	1:24.04+20250724	all
language-pack-en-base	1:24.04+20250724	all
language-pack-es	1:24.04+20250724	all
language-pack-es-base	1:24.04+20250724	all
language-pack-fr	1:24.04+20250724	all
language-pack-fr-base	1:24.04+20250724	all
language-pack-gnome-de	1:24.04+20250724	all
language-pack-gnome-de-base	1:24.04+20250724	all
language-pack-gnome-en	1:24.04+20250724	all
language-pack-gnome-en-base	1:24.04+20250724	all
language-pack-gnome-es	1:24.04+20250724	all
language-pack-gnome-es-base	1:24.04+20250724	all
language-pack-gnome-fr	1:24.04+20250724	all
language-pack-gnome-fr-base	1:24.04+20250724	all
language-pack-gnome-he	1:24.04+20250724	all
language-pack-gnome-he-base	1:24.04+20250724	all
language-pack-gnome-it	1:24.04+20250724	all
language-pack-gnome-it-base	1:24.04+20250724	all
language-pack-gnome-ja	1:24.04+20250724	all
language-pack-gnome-ja-base	1:24.04+20250724	all
language-pack-gnome-ko	1:24.04+20250724	all
language-pack-gnome-ko-base	1:24.04+20250724	all
language-pack-gnome-pt	1:24.04+20250724	all
language-pack-gnome-pt-base	1:24.04+20250724	all
language-pack-gnome-ru	1:24.04+20250724	all
language-pack-gnome-ru-base	1:24.04+20250724	all
language-pack-gnome-zh-hans	1:24.04+20250724	all
language-pack-gnome-zh-hans-base	1:24.04+20250724	all
language-pack-gnome-zh-hant	1:24.04+20250724	all
language-pack-gnome-zh-hant-base	1:24.04+20250724	all
language-pack-he	1:24.04+20250724	all
language-pack-he-base	1:24.04+20250724	all
language-pack-it	1:24.04+20250724	all
language-pack-it-base	1:24.04+20250724	all
language-pack-ja	1:24.04+20250724	all
language-pack-ja-base	1:24.04+20250724	all
language-pack-ko	1:24.04+20250724	all
language-pack-ko-base	1:24.04+20250724	all
language-pack-pt	1:24.04+20250724	all
language-pack-pt-base	1:24.04+20250724	all
language-pack-ru	1:24.04+20250724	all
language-pack-ru-base	1:24.04+20250724	all
language-pack-zh-hans	1:24.04+20250724	all
language-pack-zh-hans-base	1:24.04+20250724	all
language-pack-zh-hant	1:24.04+20250724	all
language-pack-zh-hant-base	1:24.04+20250724	all
language-selector-common	0.225	all
language-selector-gnome	0.225	all
lenovo	1.0	arm64
less	590-2ubuntu2.1	arm64
libaa1	1.4p5-51.1	arm64
libabsl20220623t64	20220623.1-3.1ubuntu3.2	arm64
libabw-0.1-1	0.1.3-1build4	arm64
libaccountsservice0	23.13.9-2ubuntu6.1	arm64
libacl1	2.3.2-1build1.1	arm64
libadwaita-1-0	1.5.0-1ubuntu2	arm64
libaio1t64	0.3.113-6build1.1	arm64
libao-common	1.2.2+20180113-1.1ubuntu4	all
libao4	1.2.2+20180113-1.1ubuntu4	arm64
libaom3	3.8.2-2ubuntu0.1	arm64
libapache2-mod-dnssd	0.6-4build3	arm64
libapparmor1	4.0.1really4.0.1-0ubuntu0.24.04.7	arm64
libappstream5	1.0.2-1build6	arm64
libapr1t64	1.7.2-3.1ubuntu0.1	arm64
libaprutil1-dbd-sqlite3	1.6.3-1.1ubuntu7.1	arm64
libaprutil1-ldap	1.6.3-1.1ubuntu7.1	arm64
libaprutil1t64	1.6.3-1.1ubuntu7.1	arm64
libapt-pkg6.0t64	2.8.3	arm64
libarchive13t64	3.7.2-2ubuntu0.8	arm64
libargon2-1	0~20190702+dfsg-4build1	arm64
libasan8	14.2.0-4ubuntu2~24.04.1	arm64
libasound2-data	1.2.11-1ubuntu0.3	all
libasound2-plugins	1.2.7.1-1ubuntu5	arm64
libasound2t64	1.2.11-1ubuntu0.3	arm64
libaspell15	0.60.8.1-1build1	arm64
libassuan0	2.5.6-1build1	arm64
libasyncns0	0.8-6build4	arm64
libatasmart4	0.19-5build3	arm64
libatk-adaptor	2.52.0-1build1	arm64
libatk-bridge2.0-0t64	2.52.0-1build1	arm64
libatk-wrapper-java	0.40.0-3build2	all
libatk-wrapper-java-jni	0.40.0-3build2	arm64
libatk1.0-0t64	2.52.0-1build1	arm64
libatkmm-1.6-1v5	2.28.4-1build4	arm64
libatm1t64	1:2.5.1-5.1build1	arm64
libatomic1	14.2.0-4ubuntu2~24.04.1	arm64
libatopology2t64	1.2.11-1ubuntu0.3	arm64
libatspi2.0-0t64	2.52.0-1build1	arm64
libattr1	1:2.5.2-1ubuntu0.1	arm64
libaudit-common	1:3.1.2-2.1build1.1	all
libaudit1	1:3.1.2-2.1build1.1	arm64
libauthen-sasl-perl	2.1700-1	all
libavahi-client3	0.8-13ubuntu6.2	arm64
libavahi-common-data	0.8-13ubuntu6.2	arm64
libavahi-common3	0.8-13ubuntu6.2	arm64
libavahi-core7	0.8-13ubuntu6.2	arm64
libavahi-glib1	0.8-13ubuntu6.2	arm64
libavahi-ui-gtk3-0	0.8-13ubuntu6.2	arm64
libavc1394-0	0.5.4-5build3	arm64
libavcodec60	7:6.1.1-3ubuntu5+esm13	arm64
libavutil58	7:6.1.1-3ubuntu5+esm13	arm64
libayatana-appindicator3-1	0.5.93-1build3	arm64
libayatana-ido3-0.4-0	0.10.1-1build2	arm64
libayatana-indicator3-7	0.9.4-1build1	arm64
libbabeltrace1	1.5.11-3build3	arm64
libbinutils	2.42-4ubuntu2.10	arm64
libblkid1	2.39.3-9ubuntu6.6	arm64
libblockdev-crypto3	3.1.1-1ubuntu0.1	arm64
libblockdev-fs3	3.1.1-1ubuntu0.1	arm64
libblockdev-loop3	3.1.1-1ubuntu0.1	arm64
libblockdev-mdraid3	3.1.1-1ubuntu0.1	arm64
libblockdev-nvme3	3.1.1-1ubuntu0.1	arm64
libblockdev-part3	3.1.1-1ubuntu0.1	arm64
libblockdev-swap3	3.1.1-1ubuntu0.1	arm64
libblockdev-utils3	3.1.1-1ubuntu0.1	arm64
libblockdev3	3.1.1-1ubuntu0.1	arm64
libbluetooth3	5.72-0ubuntu5.5	arm64
libboost-iostreams1.83.0	1.83.0-2.1ubuntu3.2	arm64
libboost-locale1.83.0	1.83.0-2.1ubuntu3.2	arm64
libboost-thread1.83.0	1.83.0-2.1ubuntu3.2	arm64
libbpf1	1:1.3.0-2build2	arm64
libbpfcc	0.29.1+ds-1ubuntu7	arm64
libbrlapi0.8	6.6-4ubuntu5	arm64
libbrotli1	1.1.0-2build2	arm64
libbsd0	0.12.1-1build1.1	arm64
libburn4t64	1.5.6-1.1build1	arm64
libbytesize-common	2.10-1ubuntu2	all
libbytesize1	2.10-1ubuntu2	arm64
libbz2-1.0	1.0.8-5.1ubuntu0.1	arm64
libc-bin	2.39-0ubuntu8.8	arm64
libc-dev-bin	2.39-0ubuntu8.8	arm64
libc-devtools	2.39-0ubuntu8.8	arm64
libc6	2.39-0ubuntu8.8	arm64
libc6-dbg	2.39-0ubuntu8.8	arm64
libc6-dev	2.39-0ubuntu8.8	arm64
libcaca0	0.99.beta20-4ubuntu0.2	arm64
libcairo-gobject-perl	1.005-4build3	arm64
libcairo-gobject2	1.18.0-3build1	arm64
libcairo-perl	1.109-4build1	arm64
libcairo-script-interpreter2	1.18.0-3build1	arm64
libcairo2	1.18.0-3build1	arm64
libcairomm-1.0-1v5	1.14.5-1build1	arm64
libcairomm-1.16-1	1.18.0-1build1	arm64
libcamel-1.2-64t64	3.52.3-0ubuntu1.2	arm64
libcanberra-gtk3-0t64	0.30-10ubuntu10	arm64
libcanberra-gtk3-module	0.30-10ubuntu10	arm64
libcanberra-pulse	0.30-10ubuntu10	arm64
libcanberra0t64	0.30-10ubuntu10	arm64
libcap-ng0	0.8.4-2build2	arm64
libcap2	1:2.66-5ubuntu2.4	arm64
libcap2-bin	1:2.66-5ubuntu2.4	arm64
libcapi20-3t64	1:3.27-3.1build1	arm64
libcbor0.10	0.10.2-1.2ubuntu2	arm64
libcc1-0	14.2.0-4ubuntu2~24.04.1	arm64
libcdio-cdda2t64	10.2+2.0.1-1.1build2	arm64
libcdio-paranoia2t64	10.2+2.0.1-1.1build2	arm64
libcdio19t64	2.1.0-4.1ubuntu1.2	arm64
libcdparanoia0	3.10.2+debian-14build3	arm64
libcdr-0.1-1	0.1.7-1build2	arm64
libcheese-gtk25	44.1-1build4	arm64
libcheese8	44.1-1build4	arm64
libchewing3	0.6.0-1build1	arm64
libchewing3-data	0.6.0-1build1	all
libclang-cpp18	1:18.1.3-1ubuntu1	arm64
libclang1-18	1:18.1.3-1ubuntu1	arm64
libclone-perl	0.46-1build3	arm64
libclucene-contribs1t64	2.3.3.4+dfsg-1.2ubuntu2	arm64
libclucene-core1t64	2.3.3.4+dfsg-1.2ubuntu2	arm64
libclutter-1.0-0	1.26.4+git2779b932+dfsg-7build3	arm64
libclutter-1.0-common	1.26.4+git2779b932+dfsg-7build3	all
libclutter-gst-3.0-0	3.0.27-4build1	arm64
libclutter-gtk-1.0-0	1.8.4-4build5	arm64
libcodec2-1.2	1.2.0-2build1	arm64
libcogl-common	1.22.8-4ubuntu4	all
libcogl-pango20	1.22.8-4ubuntu4	arm64
libcogl-path20	1.22.8-4ubuntu4	arm64
libcogl20	1.22.8-4ubuntu4	arm64
libcolamd3	1:7.6.1+dfsg-1build1	arm64
libcolord-gtk4-1t64	0.3.1-1build2	arm64
libcolord2	1.4.7-1build2	arm64
libcolorhug2	1.4.7-1build2	arm64
libcom-err2	1.47.0-2.4~exp1ubuntu4.1	arm64
libcrack2	2.9.6-5.1build2	arm64
libcrypt-dev	1:4.4.36-4build1	arm64
libcrypt1	1:4.4.36-4build1	arm64
libcryptsetup12	2:2.7.0-1ubuntu4.2	arm64
libctf-nobfd0	2.42-4ubuntu2.10	arm64
libctf0	2.42-4ubuntu2.10	arm64
libcublas-13-0	13.1.1.3-1	arm64
libcublas-dev-13-0	13.1.1.3-1	arm64
libcue2	2.2.1-4.1build1	arm64
libcufft-13-0	12.0.0.61-1	arm64
libcufft-dev-13-0	12.0.0.61-1	arm64
libcufile-13-0	1.15.1.6-1	arm64
libcufile-dev-13-0	1.15.1.6-1	arm64
libcups2t64	2.4.7-1.2ubuntu7.14	arm64
libcupsfilters2-common	2.0.0-0ubuntu7.2	all
libcupsfilters2t64	2.0.0-0ubuntu7.2	arm64
libcupsimage2t64	2.4.7-1.2ubuntu7.14	arm64
libcurand-13-0	10.4.0.35-1	arm64
libcurand-dev-13-0	10.4.0.35-1	arm64
libcurl3t64-gnutls	8.5.0-2ubuntu10.13	arm64
libcurl4t64	8.5.0-2ubuntu10.13	arm64
libcusolver-13-0	12.0.4.66-1	arm64
libcusolver-dev-13-0	12.0.4.66-1	arm64
libcusparse-13-0	12.6.3.3-1	arm64
libcusparse-dev-13-0	12.6.3.3-1	arm64
libdaemon0	0.14-7.1ubuntu4	arm64
libdata-dump-perl	1.25-1	all
libdatrie1	0.2.13-3build1	arm64
libdav1d7	1.4.1-1build1	arm64
libdb5.3t64	5.3.28+dfsg2-7	arm64
libdbd-sqlite3-perl	1.74-1build3	arm64
libdbi-perl	1.643-4ubuntu0.1	arm64
libdbus-1-3	1.14.10-4ubuntu4.1	arm64
libdbusmenu-glib4	18.10.20180917~bzr492+repack1-3.1ubuntu5	arm64
libdbusmenu-gtk3-4	18.10.20180917~bzr492+repack1-3.1ubuntu5	arm64
libdconf1	0.40.0-4ubuntu0.1	arm64
libde265-0	1.0.15-1ubuntu0.1	arm64
libdebconfclient0	0.271ubuntu3	arm64
libdebuginfod-common	0.190-1.1ubuntu0.1	all
libdebuginfod1t64	0.190-1.1ubuntu0.1	arm64
libdecor-0-0	0.2.2-1build2	arm64
libdee-1.0-4	1.2.7+17.10.20170616-7build5	arm64
libdeflate0	1.19-1build1.1	arm64
libdevmapper-event1.02.1	2:1.02.185-3ubuntu3.2	arm64
libdevmapper1.02.1	2:1.02.185-3ubuntu3.2	arm64
libdjvulibre-text	3.5.28-2ubuntu0.24.04.2	all
libdjvulibre21	3.5.28-2ubuntu0.24.04.2	arm64
libdmapsharing-4.0-3t64	3.9.13-2build1	arm64
libdmraid1.0.0.rc16	1.0.0.rc16-12ubuntu2	arm64
libdotconf0	1.3-0.3fakesync1build3	arm64
libdpkg-perl	1.22.6ubuntu6.6	all
libdrm-amdgpu1	2.4.125-1ubuntu0.1~24.04.2	arm64
libdrm-common	2.4.125-1ubuntu0.1~24.04.2	all
libdrm2	2.4.125-1ubuntu0.1~24.04.2	arm64
libduktape207	2.7.0+tests-0ubuntu3	arm64
libdv4t64	1.0.0-17.1build1	arm64
libdw1t64	0.190-1.1ubuntu0.1	arm64
libe-book-0.1-1	0.1.3-2build6	arm64
libeatmydata1	131-1ubuntu1	arm64
libebackend-1.2-11t64	3.52.3-0ubuntu1.2	arm64
libebook-1.2-21t64	3.52.3-0ubuntu1.2	arm64
libebook-contacts-1.2-4t64	3.52.3-0ubuntu1.2	arm64
libecal-2.0-3	3.52.3-0ubuntu1.2	arm64
libedata-book-1.2-27t64	3.52.3-0ubuntu1.2	arm64
libedata-cal-2.0-2t64	3.52.3-0ubuntu1.2	arm64
libedataserver-1.2-27t64	3.52.3-0ubuntu1.2	arm64
libedataserverui-1.2-4t64	3.52.3-0ubuntu1.2	arm64
libedataserverui4-1.0-0t64	3.52.3-0ubuntu1.2	arm64
libedit2	3.1-20230828-1build1	arm64
libeditorconfig0	0.12.7-0.1ubuntu0.1	arm64
libefiboot1t64	38-3.1build1	arm64
libefisec1t64	38-3.1build1	arm64
libefivar1t64	38-3.1build1	arm64
libegl-mesa0	25.2.8-0ubuntu0.24.04.2	arm64
libegl1	1.7.0-1build1	arm64
libei1	1.2.1-1	arm64
libeis1	1.2.1-1	arm64
libelf-dev	0.190-1.1ubuntu0.1	arm64
libelf1t64	0.190-1.1ubuntu0.1	arm64
libenchant-2-2	2.3.3-2build2	arm64
libencode-locale-perl	1.05-3	all
libeot0	0.01-5build3	arm64
libepoxy0	1.5.10-1build1	arm64
libepubgen-0.1-1	0.1.1-1ubuntu6	arm64
liberror-perl	0.17029-2	all
libespeak-ng1	1.51+dfsg-12build1	arm64
libestr0	0.1.11-1build1	arm64
libetonyek-0.1-1	0.1.10-5build1	arm64
libevdev2	1.13.1+dfsg-1build1	arm64
libevdocument3-4t64	46.3.1-0ubuntu1.1	arm64
libevent-2.1-7t64	2.1.12-stable-9ubuntu2.1	arm64
libevent-core-2.1-7t64	2.1.12-stable-9ubuntu2.1	arm64
libevview3-3t64	46.3.1-0ubuntu1.1	arm64
libexempi8	2.6.5-1build1	arm64
libexif12	0.6.24-1ubuntu0.24.04.1	arm64
libexiv2-27	0.27.6-1ubuntu0.3	arm64
libexpat1	2.6.1-2ubuntu0.4	arm64
libext2fs2t64	1.47.0-2.4~exp1ubuntu4.1	arm64
libexttextcat-2.0-0	3.4.7-1build1	arm64
libexttextcat-data	3.4.7-1build1	all
libextutils-depends-perl	0.8001-2	all
libfastjson4	1.2304.0-1build1	arm64
libfdisk1	2.39.3-9ubuntu6.6	arm64
libffi8	3.4.6-1build1	arm64
libfftw3-single3	3.3.10-1ubuntu3	arm64
libfido2-1	1.14.0-1build3	arm64
libfile-basedir-perl	0.09-2	all
libfile-desktopentry-perl	0.22-3	all
libfile-fcntllock-perl	0.22-4ubuntu5	arm64
libfile-listing-perl	6.16-1	all
libfile-mimeinfo-perl	0.34-1	all
libflac12t64	1.4.3+ds-2.1ubuntu2	arm64
libflashrom1	1.3.0-2.1ubuntu2	arm64
libfont-afm-perl	1.20-4	all
libfontconfig1	2.15.0-1.1ubuntu2	arm64
libfontenc1	1:1.1.8-1build1	arm64
libfprint-2-2	1:1.94.7+tod1-0ubuntu5~24.04.8	arm64
libfprint-2-tod1	1:1.94.7+tod1-0ubuntu5~24.04.8	arm64
libfreeaptx0	0.1.1-2build1	arm64
libfreehand-0.1-1	0.1.2-3build3	arm64
libfreeipmi17	1.6.13-3ubuntu0.1	arm64
libfreerdp-client2-2t64	2.11.5+dfsg1-1build2	arm64
libfreerdp-client3-3	3.31.0+dfsg-0ubuntu0.24.04.1	arm64
libfreerdp-server3-3	3.31.0+dfsg-0ubuntu0.24.04.1	arm64
libfreerdp2-2t64	2.11.5+dfsg1-1build2	arm64
libfreerdp3-3	3.31.0+dfsg-0ubuntu0.24.04.1	arm64
libfreetype6	2.13.2+dfsg-1ubuntu0.1	arm64
libfribidi0	1.0.13-3build1	arm64
libftdi1-2	1.5-6build5	arm64
libfuse2t64	2.9.9-8.1build1	arm64
libfuse3-3	3.14.0-5build1	arm64
libfwupd2	1.9.34-0ubuntu1~24.04.1	arm64
libfwupd3	2.0.20-1ubuntu2~24.04.2	arm64
libgail-common	2.24.33-4ubuntu1.1	arm64
libgail18t64	2.24.33-4ubuntu1.1	arm64
libgamemode0	1.8.1-2build1	arm64
libgamemodeauto0	1.8.1-2build1	arm64
libgbm1	25.2.8-0ubuntu0.24.04.2	arm64
libgc1	1:8.2.6-1build1	arm64
libgcc-13-dev	13.3.0-6ubuntu2~24.04.1	arm64
libgcc-s1	14.2.0-4ubuntu2~24.04.1	arm64
libgck-1-0	3.41.2-1build3	arm64
libgck-2-2	4.2.0-5	arm64
libgcr-4-4	4.2.0-5	arm64
libgcr-base-3-1	3.41.2-1build3	arm64
libgcr-ui-3-1	3.41.2-1build3	arm64
libgcrypt20	1.10.3-2ubuntu0.2	arm64
libgd3	2.3.3-9ubuntu5	arm64
libgdata-common	0.18.1-6build2	all
libgdata22	0.18.1-6build2	arm64
libgdbm-compat4t64	1.23-5.1build1	arm64
libgdbm6t64	1.23-5.1build1	arm64
libgdk-pixbuf-2.0-0	2.42.10+dfsg-3ubuntu3.3	arm64
libgdk-pixbuf2.0-bin	2.42.10+dfsg-3ubuntu3.3	arm64
libgdk-pixbuf2.0-common	2.42.10+dfsg-3ubuntu3.3	all
libgdm1	46.2-1ubuntu1~24.04.9	arm64
libgedit-amtk-5-0	5.8.0-4build2	arm64
libgedit-amtk-5-common	5.8.0-4build2	all
libgedit-gtksourceview-300-0	299.0.4-3build1	arm64
libgedit-gtksourceview-300-common	299.0.4-3build1	all
libgee-0.8-2	0.20.6-1build2	arm64
libgeoclue-2-0	2.7.0-3ubuntu7	arm64
libgeocode-glib-2-0	3.26.3-6build3	arm64
libgexiv2-2	0.14.2-2build3	arm64
libgif7	5.2.2-1ubuntu1.2	arm64
libgirepository-1.0-1	1.80.1-1	arm64
libgjs0g	1.80.2-1build2	arm64
libgl1	1.7.0-1build1	arm64
libgl1-mesa-dri	25.2.8-0ubuntu0.24.04.2	arm64
libgles2	1.7.0-1build1	arm64
libglib-object-introspection-perl	0.051-1build3	arm64
libglib-perl	3:1.329.3-3build3	arm64
libglib2.0-0t64	2.80.0-6ubuntu3.8	arm64
libglib2.0-bin	2.80.0-6ubuntu3.8	arm64
libglib2.0-data	2.80.0-6ubuntu3.8	all
libglibmm-2.4-1t64	2.66.7-1build1	arm64
libglibmm-2.68-1t64	2.78.1-2.2build2	arm64
libglu1-mesa	9.0.2-1.1build1	arm64
libglvnd0	1.7.0-1build1	arm64
libglx-mesa0	25.2.8-0ubuntu0.24.04.2	arm64
libglx0	1.7.0-1build1	arm64
libgmp10	2:6.3.0+dfsg-2ubuntu6.1	arm64
libgnome-autoar-0-0	0.4.4-2build4	arm64
libgnome-bg-4-2t64	44.0-5build2	arm64
libgnome-bluetooth-3.0-13	46.0-1ubuntu1	arm64
libgnome-bluetooth-ui-3.0-13	46.0-1ubuntu1	arm64
libgnome-desktop-3-20t64	44.0-5build2	arm64
libgnome-desktop-4-2t64	44.0-5build2	arm64
libgnome-games-support-1-3	1.8.2-5build3	arm64
libgnome-games-support-common	1.8.2-5build3	all
libgnome-menu-3-0	3.36.0-1.1ubuntu3	arm64
libgnome-rr-4-2t64	44.0-5build2	arm64
libgnomekbd-common	3.28.1-1build3	all
libgnomekbd8	3.28.1-1build3	arm64
libgnutls-openssl27t64	3.8.3-1.1ubuntu3.6	arm64
libgnutls30t64	3.8.3-1.1ubuntu3.6	arm64
libgoa-1.0-0b	3.50.4-0ubuntu2	arm64
libgoa-1.0-common	3.50.4-0ubuntu2	all
libgoa-backend-1.0-2	3.50.4-0ubuntu2	arm64
libgom-1.0-0t64	0.5.0-1	arm64
libgomp1	14.2.0-4ubuntu2~24.04.1	arm64
libgpg-error-l10n	1.47-3build2.1	all
libgpg-error0	1.47-3build2.1	arm64
libgpgme11t64	1.18.0-4.1ubuntu4	arm64
libgpgmepp6t64	1.18.0-4.1ubuntu4	arm64
libgphoto2-6t64	2.5.31-2.1ubuntu1.1	arm64
libgphoto2-l10n	2.5.31-2.1ubuntu1.1	all
libgphoto2-port12t64	2.5.31-2.1ubuntu1.1	arm64
libgpm2	1.20.7-11	arm64
libgpod-common	0.8.3-19.1ubuntu4	arm64
libgpod4t64	0.8.3-19.1ubuntu4	arm64
libgprofng0	2.42-4ubuntu2.10	arm64
libgraphene-1.0-0	1.10.8-3build2	arm64
libgraphite2-3	1.3.14-2ubuntu0.24.04.1	arm64
libgrilo-0.3-0	0.3.16-1build3	arm64
libgs-common	10.02.1~dfsg1-0ubuntu7.8	all
libgs10	10.02.1~dfsg1-0ubuntu7.8	arm64
libgs10-common	10.02.1~dfsg1-0ubuntu7.8	all
libgsf-1-114	1.14.51-2ubuntu0.1	arm64
libgsf-1-common	1.14.51-2ubuntu0.1	all
libgsm1	1.0.22-1build1	arm64
libgsound0t64	1.0.3-3.2build2	arm64
libgspell-1-2	1.12.2-1build4	arm64
libgspell-1-common	1.12.2-1build4	all
libgssapi-krb5-2	1.20.1-6ubuntu2.8	arm64
libgssdp-1.6-0	1.6.3-1build3	arm64
libgstreamer-gl1.0-0	1.24.2-1ubuntu0.4	arm64
libgstreamer-plugins-base1.0-0	1.24.2-1ubuntu0.4	arm64
libgstreamer-plugins-good1.0-0	1.24.2-1ubuntu1.5	arm64
libgstreamer1.0-0	1.24.2-1ubuntu0.1	arm64
libgtk-3-0t64	3.24.41-4ubuntu1.3	arm64
libgtk-3-bin	3.24.41-4ubuntu1.3	arm64
libgtk-3-common	3.24.41-4ubuntu1.3	all
libgtk-4-1	4.14.5+ds-0ubuntu0.10	arm64
libgtk-4-common	4.14.5+ds-0ubuntu0.10	all
libgtk-4-media-gstreamer	4.14.5+ds-0ubuntu0.10	arm64
libgtk2.0-0t64	2.24.33-4ubuntu1.1	arm64
libgtk2.0-bin	2.24.33-4ubuntu1.1	arm64
libgtk2.0-common	2.24.33-4ubuntu1.1	all
libgtk3-perl	0.038-3	all
libgtkmm-3.0-1t64	3.24.9-1	arm64
libgtkmm-4.0-0	4.10.0-4build3	arm64
libgtksourceview-4-0	4.8.4-5build4	arm64
libgtksourceview-4-common	4.8.4-5build4	all
libgtksourceview-5-0	5.12.0-1build1	arm64
libgtksourceview-5-common	5.12.0-1build1	all
libgtop-2.0-11	2.41.3-1ubuntu1~2	arm64
libgtop2-common	2.41.3-1ubuntu1~2	all
libgudev-1.0-0	1:238-5ubuntu1	arm64
libgupnp-1.6-0	1.6.6-1build3	arm64
libgupnp-av-1.0-3	0.14.1-2build2	arm64
libgupnp-dlna-2.0-4	0.12.0-4build2	arm64
libgusb2	0.4.8-1build2	arm64
libgweather-4-0t64	4.4.2-1build1	arm64
libgweather-4-common	4.4.2-1build1	all
libgxps2t64	0.3.2-4build3	arm64
libhandy-1-0	1.8.3-1build2	arm64
libhangul-data	0.1.0+git20230314-2build1	all
libhangul1	0.1.0+git20230314-2build1	arm64
libharfbuzz-gobject0	8.3.0-2build2	arm64
libharfbuzz-icu0	8.3.0-2build2	arm64
libharfbuzz0b	8.3.0-2build2	arm64
libheif-plugin-aomdec	1.17.6-1ubuntu4.8	arm64
libheif-plugin-aomenc	1.17.6-1ubuntu4.8	arm64
libheif-plugin-libde265	1.17.6-1ubuntu4.8	arm64
libheif1	1.17.6-1ubuntu4.8	arm64
libhogweed6t64	3.9.1-2.2build1.1	arm64
libhpmud0	3.23.12+dfsg0-0ubuntu5.1	arm64
libhtml-form-perl	6.11-1	all
libhtml-format-perl	2.16-2	all
libhtml-parser-perl	3.81-1ubuntu0.1	arm64
libhtml-tagset-perl	3.20-6	all
libhtml-tree-perl	5.07-3	all
libhttp-cookies-perl	6.11-1	all
libhttp-daemon-perl	6.16-1ubuntu0.24.04.1	all
libhttp-date-perl	6.06-1ubuntu0.24.04.1	all
libhttp-message-perl	6.45-1ubuntu1	all
libhttp-negotiate-perl	6.01-2	all
libhunspell-1.7-0	1.7.2+really1.7.2-10build3	arm64
libhwasan0	14.2.0-4ubuntu2~24.04.1	arm64
libhwy1t64	1.0.7-8.1build1	arm64
libhyphen0	2.8.8-7build3	arm64
libibmad5	50.0-2ubuntu0.2	arm64
libibumad3	50.0-2ubuntu0.2	arm64
libibus-1.0-5	1.5.29-2	arm64
libibverbs-dev	50.0-2ubuntu0.2	arm64
libibverbs1	50.0-2ubuntu0.2	arm64
libical3t64	3.0.17-1.1build3	arm64
libice6	2:1.0.10-1build3	arm64
libicu74	74.2-1ubuntu3.1	arm64
libidn12	1.42-1ubuntu0.1	arm64
libidn2-0	2.3.7-2build1.1	arm64
libiec61883-0	1.2.0-6build1	arm64
libieee1284-3t64	0.2.11-14.1build1	arm64
libijs-0.35	0.35-15.1build1	arm64
libimagequant0	2.18.0-1build1	arm64
libimobiledevice6	1.3.0-8.1build3	arm64
libinih1	55-1ubuntu2	arm64
libinput-bin	1.25.0-1ubuntu3.6	arm64
libinput10	1.25.0-1ubuntu3.6	arm64
libintl-perl	1.33-1build3	all
libintl-xs-perl	1.33-1build3	arm64
libio-html-perl	1.004-3	all
libio-socket-ssl-perl	2.085-1	all
libio-stringy-perl	2.111-3	all
libip4tc2	1.8.10-3ubuntu2	arm64
libip6tc2	1.8.10-3ubuntu2	arm64
libipc-system-simple-perl	1.30-2	all
libisl23	0.26-3build1.1	arm64
libisns0t64	0.101-0.3build3	arm64
libisoburn1t64	1:1.5.6-1.1ubuntu3	arm64
libisofs6t64	1.5.6.pl01-1.1ubuntu2	arm64
libitm1	14.2.0-4ubuntu2~24.04.1	arm64
libiw30t64	30~pre9-16.1ubuntu2	arm64
libjack-jackd2-0	1.9.21~dfsg-3ubuntu3	arm64
libjansson4	2.14-2build2	arm64
libjavascriptcoregtk-4.1-0	2.52.6-0ubuntu0.24.04.1	arm64
libjavascriptcoregtk-6.0-1	2.52.6-0ubuntu0.24.04.1	arm64
libjbig0	2.1-6.1ubuntu2	arm64
libjbig2dec0	0.20-1ubuntu0.24.04.1	arm64
libjcat1	0.2.3-1~ubuntu0.24.04.1	arm64
libjpeg-turbo8	2.1.5-2ubuntu2	arm64
libjpeg8	8c-2ubuntu11	arm64
libjq1	1.7.1-3ubuntu0.24.04.2	arm64
libjson-c5	0.17-1build1	arm64
libjson-glib-1.0-0	1.8.0-2build2	arm64
libjson-glib-1.0-common	1.8.0-2build2	all
libjsoncpp25	1.9.5-6build1	arm64
libjuh-java	4:24.2.7-0ubuntu0.24.04.6	all
libjxl0.7	0.7.0-10.2ubuntu6.1	arm64
libk5crypto3	1.20.1-6ubuntu2.8	arm64
libkeyutils1	1.6.3-3build1	arm64
libklibc	2.0.13-4ubuntu0.2	arm64
libkmod2	31+20240202-2ubuntu7.2	arm64
libkpathsea6	2023.20230311.66589-9build3	arm64
libkrb5-3	1.20.1-6ubuntu2.8	arm64
libkrb5support0	1.20.1-6ubuntu2.8	arm64
libksba8	1.6.6-1build1	arm64
liblangtag-common	0.6.7-1build2	all
liblangtag1	0.6.7-1build2	arm64
liblc3-1	1.0.4-3build1	arm64
liblcms2-2	2.14-2ubuntu0.1	arm64
liblcms2-utils	2.14-2ubuntu0.1	arm64
libldacbt-abr2	2.0.2.3+git20200429+ed310a0-4ubuntu2	arm64
libldacbt-enc2	2.0.2.3+git20200429+ed310a0-4ubuntu2	arm64
libldap-common	2.6.10+dfsg-0ubuntu0.24.04.1	all
libldap2	2.6.10+dfsg-0ubuntu0.24.04.1	arm64
libldb2	2:2.8.0+samba4.19.5+dfsg-4ubuntu9.7	arm64
liblerc4	4.0.0+ds-4ubuntu2	arm64
liblibreoffice-java	4:24.2.7-0ubuntu0.24.04.6	all
liblirc-client0t64	0.10.2-0.8build1	arm64
libllvm18	1:18.1.3-1ubuntu1	arm64
libllvm20	1:20.1.2-0ubuntu1~24.04.3	arm64
liblmdb0	0.9.31-1build1	arm64
liblocale-gettext-perl	1.07-6ubuntu5	arm64
liblouis-data	3.29.0-1build1	all
liblouis20	3.29.0-1build1	arm64
liblouisutdml-bin	2.12.0-3.1build1	arm64
liblouisutdml-data	2.12.0-3.1build1	all
liblouisutdml9t64	2.12.0-3.1build1	arm64
liblsan0	14.2.0-4ubuntu2~24.04.1	arm64
libltdl-dev	2.4.7-7build1	arm64
libltdl7	2.4.7-7build1	arm64
liblua5.4-0	5.4.6-3build2	arm64
liblvm2cmd2.03	2.03.16-3ubuntu3.2	arm64
liblwp-mediatypes-perl	6.04-2	all
liblwp-protocol-https-perl	6.13-1	all
liblz4-1	1.9.4-1build1.1	arm64
liblzma5	5.6.1+really5.4.5-1ubuntu0.3	arm64
liblzo2-2	2.10-2build4	arm64
libm17n-0	1.8.4-1build2	arm64
libmagic-mgc	1:5.45-3build1	arm64
libmagic1t64	1:5.45-3build1	arm64
libmailtools-perl	2.21-2	all
libmalcontent-0-0	0.11.1-1ubuntu1.3	arm64
libmanette-0.2-0	0.2.7-1build2	arm64
libmarisa0	0.2.6-14ubuntu4	arm64
libmaxminddb0	1.9.1-1build1	arm64
libmbim-glib4	1.31.2-0ubuntu3.1	arm64
libmbim-proxy	1.31.2-0ubuntu3.1	arm64
libmbim-utils	1.31.2-0ubuntu3.1	arm64
libmd0	1.1.0-2build1.1	arm64
libmediaart-2.0-0	1.9.6-1build2	arm64
libmhash2	0.9.9.9-9build3	arm64
libminiupnpc17	2.2.6-1build2	arm64
libmm-glib0	1.23.4-0ubuntu2	arm64
libmnl0	1.0.5-2build1	arm64
libmodule-find-perl	0.16-2	all
libmodule-scandeps-perl	1.35-1ubuntu0.24.04.1	all
libmount1	2.39.3-9ubuntu6.6	arm64
libmozjs-115-0t64	115.10.0-1	arm64
libmp3lame0	3.100-6build1	arm64
libmpc3	1.3.1-1build1.1	arm64
libmpfr6	4.2.1-1build1.1	arm64
libmpg123-0t64	1.32.5-1ubuntu1.1	arm64
libmsgraph-0-1	0.2.1-0ubuntu3	arm64
libmspack0t64	0.11-1.1build1	arm64
libmspub-0.1-1	0.1.4-3build7	arm64
libmtdev1t64	1.1.6-1.1build1	arm64
libmtp-common	1.1.21-3.1ubuntu1	all
libmtp-runtime	1.1.21-3.1ubuntu1	arm64
libmtp9t64	1.1.21-3.1ubuntu1	arm64
libmuparser2v5	2.3.3-0.1build1	arm64
libmutter-14-0	46.2-1ubuntu0.24.04.16	arm64
libmwaw-0.3-3	0.3.22-1build1	arm64
libmythes-1.2-0	2:1.2.5-1build1	arm64
libnatpmp1t64	20230423-1.2build1	arm64
libnautilus-extension4	1:46.4-0ubuntu0.2	arm64
libncurses6	6.4+20240113-1ubuntu2.2	arm64
libncursesw6	6.4+20240113-1ubuntu2.2	arm64
libndp0	1.8-1fakesync1ubuntu0.24.04.1	arm64
libnet-dbus-perl	1.2.0-2build3	arm64
libnet-http-perl	6.23-1	all
libnet-smtp-ssl-perl	1.04-2	all
libnet-ssleay-perl	1.94-1build4	arm64
libnetfilter-conntrack3	1.0.9-6build1	arm64
libnetplan1	1.1.2-8ubuntu1~24.04.2	arm64
libnettle8t64	3.9.1-2.2build1.1	arm64
libnewt0.52	0.52.24-2ubuntu2	arm64
libnfnetlink0	1.0.2-2build1	arm64
libnfs14	5.0.2-1ubuntu0.24.04.1	arm64
libnfsidmap1	1:2.6.4-3ubuntu5.1	arm64
libnftables1	1.0.9-1ubuntu0.1	arm64
libnftnl11	1.2.6-2build1	arm64
libnghttp2-14	1.59.0-1ubuntu0.4	arm64
libnl-3-200	3.7.0-0.3build1.1	arm64
libnl-3-dev	3.7.0-0.3build1.1	arm64
libnl-genl-3-200	3.7.0-0.3build1.1	arm64
libnl-route-3-200	3.7.0-0.3build1.1	arm64
libnl-route-3-dev	3.7.0-0.3build1.1	arm64
libnm0	1.46.0-1ubuntu2.8	arm64
libnma-common	1.10.6-3build2	all
libnma-gtk4-0	1.10.6-3build2	arm64
libnma0	1.10.6-3build2	arm64
libnotify-bin	0.8.3-1build2	arm64
libnotify4	0.8.3-1build2	arm64
libnpp-13-0	13.0.1.2-1	arm64
libnpp-dev-13-0	13.0.1.2-1	arm64
libnpth0t64	1.6-3.1build1	arm64
libnspr4	2:4.35-1.1build1	arm64
libnss-mdns	0.15.1-4build1	arm64
libnss-systemd	255.4-1ubuntu8.17	arm64
libnss3	2:3.98-1ubuntu0.2	arm64
libntfs-3g89t64	1:2022.10.3-1.2ubuntu3.2	arm64
libntlm0	1.7-1build1	arm64
libnuma1	2.0.18-1ubuntu0.24.04.1	arm64
libnvfatbin-13-0	13.0.85-1	arm64
libnvfatbin-dev-13-0	13.0.85-1	arm64
libnvidia-cfg1-580	580.173.02-0ubuntu0.24.04.1	arm64
libnvidia-common-580	580.173.02-0ubuntu0.24.04.1	all
libnvidia-compute-580	580.173.02-0ubuntu0.24.04.1	arm64
libnvidia-container-tools	1.20.0-1	arm64
libnvidia-container1	1.20.0-1	arm64
libnvidia-decode-580	580.173.02-0ubuntu0.24.04.1	arm64
libnvidia-egl-wayland1	1:1.1.21-1ubuntu1	arm64
libnvidia-encode-580	580.173.02-0ubuntu0.24.04.1	arm64
libnvidia-extra-580	580.173.02-0ubuntu0.24.04.1	arm64
libnvidia-fbc1-580	580.173.02-0ubuntu0.24.04.1	arm64
libnvidia-gl-580	580.173.02-0ubuntu0.24.04.1	arm64
libnvjitlink-13-0	13.0.88-1	arm64
libnvjitlink-dev-13-0	13.0.88-1	arm64
libnvjpeg-13-0	13.0.1.86-1	arm64
libnvjpeg-dev-13-0	13.0.1.86-1	arm64
libnvme1t64	1.8-3ubuntu1	arm64
libnvptxcompiler-13-0	13.0.88-1	arm64
libnvvm-13-0	13.0.88-1	arm64
libodbc2	2.3.12-1ubuntu0.24.04.1	arm64
libodfgen-0.1-1	0.1.8-2build3	arm64
libogg0	1.3.5-3build1	arm64
libonig5	6.9.9-1build1	arm64
libopencc-data	1.1.7+ds1-1ubuntu0.1	all
libopencc1.1	1.1.7+ds1-1ubuntu0.1	arm64
libopencsd1	1.4.1-1build1	arm64
libopengl0	1.7.0-1build1	arm64
libopeniscsiusr	2.1.9-3ubuntu5.4	arm64
libopenjp2-7	2.5.0-2ubuntu0.5	arm64
libopus0	1.4-1build1	arm64
liborc-0.4-0t64	1:0.4.38-1ubuntu0.1	arm64
liborcus-0.18-0	0.19.2-3build3	arm64
liborcus-parser-0.18-0	0.19.2-3build3	arm64
libosmesa6	25.1.7-1ubuntu2~24.04.2	arm64
libotf1	0.9.16-4build2	arm64
libp11-kit0	0.25.3-4ubuntu2.2	arm64
libpackagekit-glib2-18	1.2.8-2ubuntu1.5	arm64
libpagemaker-0.0-0	0.0.4-1build4	arm64
libpam-cap	1:2.66-5ubuntu2.4	arm64
libpam-fprintd	1.94.3-1	arm64
libpam-gnome-keyring	46.1-2ubuntu0.2	arm64
libpam-modules	1.5.3-5ubuntu5.7	arm64
libpam-modules-bin	1.5.3-5ubuntu5.7	arm64
libpam-runtime	1.5.3-5ubuntu5.7	all
libpam-systemd	255.4-1ubuntu8.17	arm64
libpam0g	1.5.3-5ubuntu5.7	arm64
libpango-1.0-0	1.52.1+ds-1build1	arm64
libpangocairo-1.0-0	1.52.1+ds-1build1	arm64
libpangoft2-1.0-0	1.52.1+ds-1build1	arm64
libpangomm-1.4-1v5	2.46.4-1build3	arm64
libpangomm-2.48-1t64	2.52.0-1build1	arm64
libpangoxft-1.0-0	1.52.1+ds-1build1	arm64
libpaper-utils	1.1.29build1	arm64
libpaper1	1.1.29build1	arm64
libparted-fs-resize0t64	3.6-4build1	arm64
libparted2t64	3.6-4build1	arm64
libpcap0.8t64	1.10.4-4.1ubuntu3	arm64
libpcaudio0	1.2-2build3	arm64
libpci3	1:3.10.0-2build1	arm64
libpciaccess0	0.17-3ubuntu0.24.04.2	arm64
libpcre2-32-0	10.42-4ubuntu2.1	arm64
libpcre2-8-0	10.42-4ubuntu2.1	arm64
libpcsclite1	2.0.3-1build1	arm64
libpeas-1.0-0	1.36.0-3build4	arm64
libpeas-common	1.36.0-3build4	all
libperl5.38t64	5.38.2-3.2ubuntu0.4	arm64
libphonenumber8	8.12.57+ds-4.2build3	arm64
libpinyin-data	2.8.1-1build3	arm64
libpinyin15	2.8.1-1build3	arm64
libpipeline1	1.5.7-2	arm64
libpipewire-0.3-0t64	1.0.5-1ubuntu3.3	arm64
libpipewire-0.3-modules	1.0.5-1ubuntu3.3	arm64
libpipewire-0.3-modules-xrdp	0.2-2	arm64
libpixman-1-0	0.42.2-1build1	arm64
libpkcs11-helper1t64	1.29.0-2.1build2	arm64
libpkgconf3	1.8.1-2build1	arm64
libplist-2.0-4	2.3.0-1~exp2build2	arm64
libplymouth5	24.004.60-1ubuntu7.2	arm64
libpng16-16t64	1.6.43-5ubuntu0.6	arm64
libpolkit-agent-1-0	124-2ubuntu1.24.04.3	arm64
libpolkit-gobject-1-0	124-2ubuntu1.24.04.3	arm64
libpoppler-cpp0t64	24.02.0-1ubuntu9.9	arm64
libpoppler-glib8t64	24.02.0-1ubuntu9.9	arm64
libpoppler134	24.02.0-1ubuntu9.9	arm64
libpopt0	1.19+dfsg-1build1	arm64
libportal-gtk3-1	0.7.1-5build5	arm64
libportal-gtk4-1	0.7.1-5build5	arm64
libportal1	0.7.1-5build5	arm64
libpowercap0	0.6.0-1	arm64
libppd2	2:2.0.0-0ubuntu4.1	arm64
libppd2-common	2:2.0.0-0ubuntu4.1	all
libproc-processtable-perl	0.636-1build3	arm64
libproc2-0	2:4.0.4-4ubuntu3.3	arm64
libprotobuf-c1	1.4.1-1ubuntu4	arm64
libprotobuf32t64	3.21.12-8.2ubuntu0.3	arm64
libproxy1-plugin-gsettings	0.5.4-4build1	arm64
libproxy1-plugin-networkmanager	0.5.4-4build1	arm64
libproxy1-plugin-webkit	0.5.4-4build1	arm64
libproxy1v5	0.5.4-4build1	arm64
libpsl5t64	0.21.2-1.1build1	arm64
libpulse-mainloop-glib0	1:16.1+dfsg1-2ubuntu10.1	arm64
libpulse0	1:16.1+dfsg1-2ubuntu10.1	arm64
libpwquality-common	1.4.5-3build1	all
libpwquality1	1.4.5-3build1	arm64
libpython3-stdlib	3.12.3-0ubuntu2.1	arm64
libpython3.12-minimal	3.12.3-1ubuntu0.16	arm64
libpython3.12-stdlib	3.12.3-1ubuntu0.16	arm64
libpython3.12t64	3.12.3-1ubuntu0.16	arm64
libqmi-glib5	1.35.2-0ubuntu2	arm64
libqmi-proxy	1.35.2-0ubuntu2	arm64
libqmi-utils	1.35.2-0ubuntu2	arm64
libqpdf29t64	11.9.0-1.1ubuntu0.1	arm64
libqqwing2v5	1.3.4-1.1ubuntu4	arm64
libqrencode4	4.1.1-1build2	arm64
libqrtr-glib0	1.2.2-1ubuntu4	arm64
libraptor2-0	2.0.16-3ubuntu0.1	arm64
libraqm0	0.10.1-1build1	arm64
librasqal3t64	0.9.33-2.1build1	arm64
librav1e0	0.7.1-2	arm64
libraw1394-11	2.1.2-2build3	arm64
libraw23t64	0.21.2-2.1ubuntu0.24.04.2	arm64
librdf0t64	1.0.17-3.1ubuntu3	arm64
librdmacm-dev	50.0-2ubuntu0.2	arm64
librdmacm1t64	50.0-2ubuntu0.2	arm64
libreadline8t64	8.2-4build1	arm64
libreiserfscore0t64	1:3.6.27-7.1build1	arm64
libreoffice	4:24.2.7-0ubuntu0.24.04.6	arm64
libreoffice-base	4:24.2.7-0ubuntu0.24.04.6	arm64
libreoffice-base-core	4:24.2.7-0ubuntu0.24.04.6	arm64
libreoffice-base-drivers	4:24.2.7-0ubuntu0.24.04.6	arm64
libreoffice-calc	4:24.2.7-0ubuntu0.24.04.6	arm64
libreoffice-common	4:24.2.7-0ubuntu0.24.04.6	all
libreoffice-core	4:24.2.7-0ubuntu0.24.04.6	arm64
libreoffice-draw	4:24.2.7-0ubuntu0.24.04.6	arm64
libreoffice-gnome	4:24.2.7-0ubuntu0.24.04.6	arm64
libreoffice-gtk3	4:24.2.7-0ubuntu0.24.04.6	arm64
libreoffice-help-common	4:24.2.7-0ubuntu0.24.04.6	all
libreoffice-help-de	4:24.2.7-0ubuntu0.24.04.6	all
libreoffice-help-en-gb	4:24.2.7-0ubuntu0.24.04.6	all
libreoffice-help-en-us	4:24.2.7-0ubuntu0.24.04.6	all
libreoffice-help-es	4:24.2.7-0ubuntu0.24.04.6	all
libreoffice-help-fr	4:24.2.7-0ubuntu0.24.04.6	all
libreoffice-help-it	4:24.2.7-0ubuntu0.24.04.6	all
libreoffice-help-pt	4:24.2.7-0ubuntu0.24.04.6	all
libreoffice-help-pt-br	4:24.2.7-0ubuntu0.24.04.6	all
libreoffice-help-ru	4:24.2.7-0ubuntu0.24.04.6	all
libreoffice-help-zh-cn	4:24.2.7-0ubuntu0.24.04.6	all
libreoffice-help-zh-tw	4:24.2.7-0ubuntu0.24.04.6	all
libreoffice-impress	4:24.2.7-0ubuntu0.24.04.6	arm64
libreoffice-l10n-de	4:24.2.7-0ubuntu0.24.04.6	all
libreoffice-l10n-en-gb	4:24.2.7-0ubuntu0.24.04.6	all
libreoffice-l10n-en-za	4:24.2.7-0ubuntu0.24.04.6	all
libreoffice-l10n-es	4:24.2.7-0ubuntu0.24.04.6	all
libreoffice-l10n-fr	4:24.2.7-0ubuntu0.24.04.6	all
libreoffice-l10n-it	4:24.2.7-0ubuntu0.24.04.6	all
libreoffice-l10n-pt	4:24.2.7-0ubuntu0.24.04.6	all
libreoffice-l10n-pt-br	4:24.2.7-0ubuntu0.24.04.6	all
libreoffice-l10n-ru	4:24.2.7-0ubuntu0.24.04.6	all
libreoffice-l10n-zh-cn	4:24.2.7-0ubuntu0.24.04.6	all
libreoffice-l10n-zh-tw	4:24.2.7-0ubuntu0.24.04.6	all
libreoffice-math	4:24.2.7-0ubuntu0.24.04.6	arm64
libreoffice-report-builder-bin	4:24.2.7-0ubuntu0.24.04.6	arm64
libreoffice-style-breeze	4:24.2.7-0ubuntu0.24.04.6	all
libreoffice-style-colibre	4:24.2.7-0ubuntu0.24.04.6	all
libreoffice-style-elementary	4:24.2.7-0ubuntu0.24.04.6	all
libreoffice-uiconfig-base	4:24.2.7-0ubuntu0.24.04.6	all
libreoffice-uiconfig-calc	4:24.2.7-0ubuntu0.24.04.6	all
libreoffice-uiconfig-common	4:24.2.7-0ubuntu0.24.04.6	all
libreoffice-uiconfig-draw	4:24.2.7-0ubuntu0.24.04.6	all
libreoffice-uiconfig-impress	4:24.2.7-0ubuntu0.24.04.6	all
libreoffice-uiconfig-math	4:24.2.7-0ubuntu0.24.04.6	all
libreoffice-uiconfig-writer	4:24.2.7-0ubuntu0.24.04.6	all
libreoffice-writer	4:24.2.7-0ubuntu0.24.04.6	arm64
librest-1.0-0	0.9.1-6build3	arm64
librevenge-0.0-0	0.0.5-3build1	arm64
librhash0	1.4.3-3build1	arm64
librhythmbox-core10	3.4.7-2ubuntu6	arm64
libroc0.3	0.3.0+dfsg-7ubuntu2	arm64
librsvg2-2	2.58.0+dfsg-1build1	arm64
librsvg2-common	2.58.0+dfsg-1build1	arm64
librsync2t64	2.3.4-1.1ubuntu2	arm64
librtmp1	2.4+20151223.gitfa8646d.1-2build7	arm64
librygel-core-2.8-0	0.42.5-1ubuntu3	arm64
librygel-db-2.8-0	0.42.5-1ubuntu3	arm64
librygel-renderer-2.8-0	0.42.5-1ubuntu3	arm64
librygel-server-2.8-0	0.42.5-1ubuntu3	arm64
libsamplerate0	0.2.2-4build1	arm64
libsane-common	1.2.1-7build4	all
libsane-hpaio	3.23.12+dfsg0-0ubuntu5.1	arm64
libsane1	1.2.1-7build4	arm64
libsasl2-2	2.1.28+dfsg1-5ubuntu3.1	arm64
libsasl2-modules	2.1.28+dfsg1-5ubuntu3.1	arm64
libsasl2-modules-db	2.1.28+dfsg1-5ubuntu3.1	arm64
libsbc1	2.0-1build1	arm64
libsdl2-2.0-0	2.30.0+dfsg-1ubuntu3.1	arm64
libseccomp2	2.5.5-1ubuntu3.1	arm64
libsecret-1-0	0.21.4-1build3	arm64
libsecret-common	0.21.4-1build3	all
libselinux1	3.5-2ubuntu2.1	arm64
libsemanage-common	3.5-1build5	all
libsemanage2	3.5-1build5	arm64
libsensors-config	1:3.6.0-9build1	all
libsensors5	1:3.6.0-9build1	arm64
libsepol2	3.5-2build1	arm64
libsframe1	2.42-4ubuntu2.10	arm64
libsgutils2-1.46-2	1.46-3ubuntu4	arm64
libsharpyuv0	1.3.2-0.4build3	arm64
libshine3	3.1.1-2build1	arm64
libshout3	2.4.6-1build2	arm64
libsigc++-2.0-0v5	2.12.1-2	arm64
libsigc++-3.0-0	3.6.0-2	arm64
libsigsegv2	2.14-1ubuntu2	arm64
libslang2	2.3.3-3build2	arm64
libsm6	2:1.2.3-1build3	arm64
libsmartcols1	2.39.3-9ubuntu6.6	arm64
libsmbclient0	2:4.19.5+dfsg-4ubuntu9.7	arm64
libsnapd-glib-2-1	1.64-0ubuntu5	arm64
libsnappy1v5	1.1.10-1build1	arm64
libsndfile1	1.2.2-1ubuntu5.24.04.1	arm64
libsnmp-base	5.9.4+dfsg-1.1ubuntu3.2	all
libsnmp40t64	5.9.4+dfsg-1.1ubuntu3.2	arm64
libsodium23	1.0.18-1ubuntu0.24.04.1	arm64
libsonic0	0.2.0-13build1	arm64
libsort-naturally-perl	1.03-4	all
libsoup-2.4-1	2.74.3-6ubuntu1.7	arm64
libsoup-3.0-0	3.4.4-5ubuntu0.7	arm64
libsoup-3.0-common	3.4.4-5ubuntu0.7	all
libsoup2.4-common	2.74.3-6ubuntu1.7	all
libsource-highlight-common	3.1.9-4.3build1	all
libsource-highlight4t64	3.1.9-4.3build1	arm64
libsoxr0	0.1.3-4build3	arm64
libspa-0.2-bluetooth	1.0.5-1ubuntu3.3	arm64
libspa-0.2-modules	1.0.5-1ubuntu3.3	arm64
libspectre1	0.2.12-1build2	arm64
libspeechd2	0.12.0~rc2-2build3	arm64
libspeex1	1.2.1-2ubuntu2.24.04.1	arm64
libspeexdsp1	1.2.1-1ubuntu3	arm64
libsqlite3-0	3.45.1-1ubuntu2.7	arm64
libss2	1.47.0-2.4~exp1ubuntu4.1	arm64
libssh-4	0.10.6-2ubuntu0.5	arm64
libssl3t64	3.0.13-0ubuntu3.15	arm64
libstartup-notification0	0.12-6build3	arm64
libstdc++-13-dev	13.3.0-6ubuntu2~24.04.1	arm64
libstdc++6	14.2.0-4ubuntu2~24.04.1	arm64
libstemmer0d	2.2.0-4build1	arm64
libsuitesparseconfig7	1:7.6.1+dfsg-1build1	arm64
libsvtav1enc1d1	1.7.0+dfsg-2build1	arm64
libswresample4	7:6.1.1-3ubuntu5+esm13	arm64
libsynctex2	2023.20230311.66589-9build3	arm64
libsysmetrics1	1.7.3ubuntu0.24.04.3	arm64
libsystemd-shared	255.4-1ubuntu8.17	arm64
libsystemd0	255.4-1ubuntu8.17	arm64
libtag1v5	1.13.1-1build1	arm64
libtag1v5-vanilla	1.13.1-1build1	arm64
libtalloc2	2.4.2-1build2	arm64
libtasn1-6	4.19.0-3ubuntu0.24.04.2	arm64
libtcl8.6	8.6.14+dfsg-1build1	arm64
libtdb1	1.4.10-1build1	arm64
libteamdctl0	1.31-1build3	arm64
libtepl-6-4	6.8.0-2build4	arm64
libtepl-common	6.8.0-2build4	all
libterm-readkey-perl	2.38-2build4	arm64
libtevent0t64	0.16.1-2build1	arm64
libtext-charwidth-perl	0.04-11build3	arm64
libtext-iconv-perl	1.7-8build3	arm64
libtext-wrapi18n-perl	0.06-10	all
libthai-data	0.1.29-2build1	all
libthai0	0.1.29-2build1	arm64
libtheora0	1.1.1+dfsg.1-16.1build3	arm64
libtie-ixhash-perl	1.23-4	all
libtiff6	4.5.1+git230720-4ubuntu2.5	arm64
libtimedate-perl	2.3300-2	all
libtinfo6	6.4+20240113-1ubuntu2.2	arm64
libtirpc-common	1.3.4+ds-1.1build1	all
libtirpc3t64	1.3.4+ds-1.1build1	arm64
libtotem-plparser-common	3.26.6-1build5	all
libtotem-plparser18	3.26.6-1build5	arm64
libtotem0	43.0-2ubuntu4	arm64
libtraceevent1	1:1.8.2-1ubuntu2.1	arm64
libtraceevent1-plugin	1:1.8.2-1ubuntu2.1	arm64
libtracefs1	1.8.0-1ubuntu1	arm64
libtracker-sparql-3.0-0	3.7.1-1build1	arm64
libtry-tiny-perl	0.31-2	all
libtsan2	14.2.0-4ubuntu2~24.04.1	arm64
libtss2-esys-3.0.2-0t64	4.0.1-7.1ubuntu5.1	arm64
libtss2-fapi1t64	4.0.1-7.1ubuntu5.1	arm64
libtss2-mu-4.0.1-0t64	4.0.1-7.1ubuntu5.1	arm64
libtss2-rc0t64	4.0.1-7.1ubuntu5.1	arm64
libtss2-sys1t64	4.0.1-7.1ubuntu5.1	arm64
libtss2-tcti-cmd0t64	4.0.1-7.1ubuntu5.1	arm64
libtss2-tcti-device0t64	4.0.1-7.1ubuntu5.1	arm64
libtss2-tcti-libtpms0t64	4.0.1-7.1ubuntu5.1	arm64
libtss2-tcti-mssim0t64	4.0.1-7.1ubuntu5.1	arm64
libtss2-tcti-spi-helper0t64	4.0.1-7.1ubuntu5.1	arm64
libtss2-tcti-swtpm0t64	4.0.1-7.1ubuntu5.1	arm64
libtss2-tctildr0t64	4.0.1-7.1ubuntu5.1	arm64
libtwolame0	0.4.0-2build3	arm64
libu2f-udev	1.1.10-3build3	all
libubsan1	14.2.0-4ubuntu2~24.04.1	arm64
libuchardet0	0.0.8-1build1	arm64
libucx0	1.16.0+ds-5ubuntu1	arm64
libudev1	255.4-1ubuntu8.17	arm64
libudisks2-0	2.10.1-6ubuntu1.5	arm64
libunistring5	1.1-2build1.1	arm64
libunity-protocol-private0	7.1.4+19.04.20190319-6build4	arm64
libunity-scopes-json-def-desktop	7.1.4+19.04.20190319-6build4	all
libunity9	7.1.4+19.04.20190319-6build4	arm64
libuno-cppu3t64	4:24.2.7-0ubuntu0.24.04.6	arm64
libuno-cppuhelpergcc3-3t64	4:24.2.7-0ubuntu0.24.04.6	arm64
libuno-purpenvhelpergcc3-3t64	4:24.2.7-0ubuntu0.24.04.6	arm64
libuno-sal3t64	4:24.2.7-0ubuntu0.24.04.6	arm64
libuno-salhelpergcc3-3t64	4:24.2.7-0ubuntu0.24.04.6	arm64
libunoloader-java	4:24.2.7-0ubuntu0.24.04.6	all
libunwind8	1.6.2-3build1.1	arm64
libupower-glib3	1.90.3-1	arm64
liburcu8t64	0.14.0-3.1build1	arm64
liburi-perl	5.27-1	all
libusb-1.0-0	2:1.0.27-1	arm64
libusbmuxd6	2.0.2-4build3	arm64
libutempter0	1.2.1-3build1	arm64
libuuid1	2.39.3-9ubuntu6.6	arm64
libuv1t64	1.48.0-1.1build1	arm64
libv4l-0t64	1.26.1-4build3	arm64
libv4lconvert0t64	1.26.1-4build3	arm64
libva-drm2	2.20.0-2ubuntu0.2	arm64
libva-x11-2	2.20.0-2ubuntu0.2	arm64
libva2	2.20.0-2ubuntu0.2	arm64
libvdpau1	1.5-2build1	arm64
libvisio-0.1-1	0.1.7-1build9	arm64
libvisual-0.4-0	0.4.2-2build1	arm64
libvncclient1	0.9.14+dfsg-1ubuntu0.2	arm64
libvolume-key1	0.3.12-7build2	arm64
libvorbis0a	1.3.7-1build3	arm64
libvorbisenc2	1.3.7-1build3	arm64
libvorbisfile3	1.3.7-1build3	arm64
libvpx9	1.14.0-1ubuntu2.3	arm64
libvte-2.91-0	0.76.0-1ubuntu0.1	arm64
libvte-2.91-common	0.76.0-1ubuntu0.1	arm64
libvulkan1	1.4.328.1-1~1	arm64
libwacom-bin	2.10.0-2	arm64
libwacom-common	2.10.0-2	all
libwacom9	2.10.0-2	arm64
libwavpack1	5.6.0-1build1	arm64
libwayland-client0	1.22.0-2.1build1	arm64
libwayland-cursor0	1.22.0-2.1build1	arm64
libwayland-egl1	1.22.0-2.1build1	arm64
libwayland-server0	1.22.0-2.1build1	arm64
libwbclient0	2:4.19.5+dfsg-4ubuntu9.7	arm64
libwebkit2gtk-4.1-0	2.52.6-0ubuntu0.24.04.1	arm64
libwebkitgtk-6.0-4	2.52.6-0ubuntu0.24.04.1	arm64
libwebp7	1.3.2-0.4build3	arm64
libwebpdemux2	1.3.2-0.4build3	arm64
libwebpmux3	1.3.2-0.4build3	arm64
libwebrtc-audio-processing1	0.3.1-0ubuntu6	arm64
libwhoopsie-preferences0	23build3	arm64
libwhoopsie0	0.2.77ubuntu0.1	arm64
libwine	9.0~repack-4build3	arm64
libwinpr2-2t64	2.11.5+dfsg1-1build2	arm64
libwinpr3-3	3.31.0+dfsg-0ubuntu0.24.04.1	arm64
libwireplumber-0.4-0	0.4.17-1ubuntu4.1	arm64
libwmf-0.2-7	0.2.13-1.1build3	arm64
libwmf-0.2-7-gtk	0.2.13-1.1build3	arm64
libwmf0.2-7	0.2.13-1.1build3	arm64
libwmf0.2-7-gtk	0.2.13-1.1build3	arm64
libwmflite-0.2-7	0.2.13-1.1build3	arm64
libwnck-3-0	43.0-3build4	arm64
libwnck-3-common	43.0-3build4	all
libwoff1	1.0.2-2build1	arm64
libwpd-0.10-10	0.10.3-2build2	arm64
libwpg-0.3-3	0.3.4-3build1	arm64
libwps-0.4-4	0.4.14-2build1	arm64
libwrap0	7.6.q-33	arm64
libwww-perl	6.76-1ubuntu0.1	all
libwww-robotrules-perl	6.02-1	all
libx11-6	2:1.8.7-1build1	arm64
libx11-data	2:1.8.7-1build1	all
libx11-protocol-perl	0.56-9	all
libx11-xcb1	2:1.8.7-1build1	arm64
libx264-164	2:0.164.3108+git31e19f9-1	arm64
libx265-199	3.5-2build1	arm64
libxau6	1:1.0.9-1build6	arm64
libxaw7	2:1.0.14-1build2	arm64
libxcb-cursor0	0.1.4-1build1	arm64
libxcb-damage0	1.15-1ubuntu2	arm64
libxcb-dri3-0	1.15-1ubuntu2	arm64
libxcb-glx0	1.15-1ubuntu2	arm64
libxcb-icccm4	0.4.1-1.1build3	arm64
libxcb-image0	0.4.0-2build1	arm64
libxcb-keysyms1	0.4.0-1build4	arm64
libxcb-present0	1.15-1ubuntu2	arm64
libxcb-randr0	1.15-1ubuntu2	arm64
libxcb-render-util0	0.3.9-1build4	arm64
libxcb-render0	1.15-1ubuntu2	arm64
libxcb-res0	1.15-1ubuntu2	arm64
libxcb-shape0	1.15-1ubuntu2	arm64
libxcb-shm0	1.15-1ubuntu2	arm64
libxcb-sync1	1.15-1ubuntu2	arm64
libxcb-util1	0.4.0-1build3	arm64
libxcb-xfixes0	1.15-1ubuntu2	arm64
libxcb-xinerama0	1.15-1ubuntu2	arm64
libxcb-xinput0	1.15-1ubuntu2	arm64
libxcb-xkb1	1.15-1ubuntu2	arm64
libxcb-xv0	1.15-1ubuntu2	arm64
libxcb1	1.15-1ubuntu2	arm64
libxcomposite1	1:0.4.5-1build3	arm64
libxcursor1	1:1.2.1-1build1	arm64
libxcvt0	0.1.2-1build1	arm64
libxdamage1	1:1.1.6-1build1	arm64
libxdmcp6	1:1.1.3-0ubuntu6	arm64
libxext6	2:1.3.4-1build2	arm64
libxfixes3	1:6.0.0-2build1	arm64
libxfont2	1:2.0.6-1+deb13u1build0.24.04.2	arm64
libxft2	2.3.6-1build1	arm64
libxi6	2:1.8.1-1build1	arm64
libxinerama1	2:1.1.4-3build1	arm64
libxkbcommon-x11-0	1.6.0-1build1	arm64
libxkbcommon0	1.6.0-1build1	arm64
libxkbfile1	1:1.1.0-1build4	arm64
libxkbregistry0	1.6.0-1build1	arm64
libxklavier16	5.4-5build2	arm64
libxml-parser-perl	2.47-1ubuntu0.24.04.1	arm64
libxml-twig-perl	1:3.52-2	all
libxml-xpathengine-perl	0.14-2	all
libxml2	2.9.14+dfsg-1.3ubuntu3.8	arm64
libxmlb2	0.3.24-1~ubuntu0.24.04.1	arm64
libxmlsec1t64	1.2.39-5build2	arm64
libxmlsec1t64-nss	1.2.39-5build2	arm64
libxmlsec1t64-openssl	1.2.39-5build2	arm64
libxmu6	2:1.1.3-3build2	arm64
libxmuu1	2:1.1.3-3build2	arm64
libxnvctrl0	610.57.04-1ubuntu1	arm64
libxpm4	1:3.5.17-1ubuntu0.24.04.1	arm64
libxrandr2	2:1.5.2-2build1	arm64
libxrender1	1:0.9.10-1.1build1	arm64
libxres1	2:1.2.1-1build1	arm64
libxshmfence1	1.3-1build5	arm64
libxslt1.1	1.1.39-0exp1ubuntu0.24.04.3	arm64
libxss1	1:1.2.3-1build3	arm64
libxt6t64	1:1.2.1-1.2build1	arm64
libxtables12	1.8.10-3ubuntu2	arm64
libxtst6	2:1.2.3-1.1build1	arm64
libxv1	2:1.0.11-1.1build1	arm64
libxvidcore4	2:1.3.7-1build1	arm64
libxvmc1	2:1.0.12-2build3	arm64
libxxf86dga1	2:1.1.5-1build1	arm64
libxxf86vm1	1:1.1.4-1build4	arm64
libxxhash0	0.8.2-2build1	arm64
libyajl2	2.1.0-5build1	arm64
libyaml-0-2	0.2.5-1build1	arm64
libyelp0	42.2-1ubuntu0.24.04.2	arm64
libz-mingw-w64	1.3.1+dfsg-1	all
libzstd-dev	1.5.5+dfsg2-2build1.1	arm64
libzstd1	1.5.5+dfsg2-2build1.1	arm64
libzvbi-common	0.2.42-2ubuntu0.24.04.1~esm1	all
libzvbi0t64	0.2.42-2ubuntu0.24.04.1~esm1	arm64
linux-base	4.5ubuntu9+24.04.2	all
linux-crashdump	6.8.0-139.139	arm64
linux-firmware	20240318.git3b128b60.0ubuntu3.1	all
linux-firmware-amd-graphics	20240318.git3b128b60-0ubuntu3.2	all
linux-firmware-amd-misc	20240318.git3b128b60-0ubuntu3.1	all
linux-firmware-broadcom-wireless	20240318.git3b128b60-0ubuntu3.1	all
linux-firmware-intel-graphics	20240318.git3b128b60-0ubuntu3.1	all
linux-firmware-intel-misc	20240318.git3b128b60-0ubuntu3.1	all
linux-firmware-intel-wireless	20240318.git3b128b60-0ubuntu3.1	all
linux-firmware-marvell-prestera	20240318.git3b128b60-0ubuntu3.1	all
linux-firmware-marvell-wireless	20240318.git3b128b60-0ubuntu3.1	all
linux-firmware-mediatek	20240318.git3b128b60-0ubuntu3.1	all
linux-firmware-mellanox-spectrum	20240318.git3b128b60-0ubuntu3.1	all
linux-firmware-misc	20240318.git3b128b60-0ubuntu3.1	all
linux-firmware-netronome	20240318.git3b128b60-0ubuntu3.1	all
linux-firmware-nvidia-graphics	20240318.git3b128b60-0ubuntu3.1	all
linux-firmware-qlogic	20240318.git3b128b60-0ubuntu3.1	all
linux-firmware-qualcomm-graphics	20240318.git3b128b60-0ubuntu3.1	all
linux-firmware-qualcomm-misc	20240318.git3b128b60-0ubuntu3.1	all
linux-firmware-qualcomm-wireless	20240318.git3b128b60-0ubuntu3.1	all
linux-firmware-realtek	20240318.git3b128b60-0ubuntu3.1	all
linux-headers-6.17.0-1008-nvidia	6.17.0-1008.8	arm64
linux-headers-6.17.0-1032-nvidia	6.17.0-1032.32	arm64
linux-headers-nvidia-hwe-24.04	6.17.0-1032.32	arm64
linux-image-6.17.0-1008-nvidia	6.17.0-1008.8	arm64
linux-image-6.17.0-1032-nvidia	6.17.0-1032.32	arm64
linux-image-nvidia-hwe-24.04	6.17.0-1032.32	arm64
linux-libc-dev	6.8.0-139.139	arm64
linux-modules-6.17.0-1008-nvidia	6.17.0-1008.8	arm64
linux-modules-6.17.0-1032-nvidia	6.17.0-1032.32	arm64
linux-modules-nvidia-580-open-6.17.0-1008-nvidia	6.17.0-1008.8	arm64
linux-modules-nvidia-580-open-6.17.0-1032-nvidia	6.17.0-1032.32	arm64
linux-modules-nvidia-580-open-nvidia-hwe-24.04	6.17.0-1032.32	arm64
linux-modules-nvidia-fs-6.17.0-1008-nvidia	6.17.0-1008.8	arm64
linux-modules-nvidia-fs-6.17.0-1032-nvidia	6.17.0-1032.32	arm64
linux-nvidia-6.17-headers-6.17.0-1008	6.17.0-1008.8	all
linux-nvidia-6.17-headers-6.17.0-1032	6.17.0-1032.32	all
linux-nvidia-6.17-tools-6.17.0-1008	6.17.0-1008.8	arm64
linux-nvidia-6.17-tools-6.17.0-1032	6.17.0-1032.32	arm64
linux-nvidia-hwe-24.04	6.17.0-1032.32	arm64
linux-sound-base	1.0.25+dfsg-0ubuntu7	all
linux-tools-6.17.0-1008-nvidia	6.17.0-1008.8	arm64
linux-tools-6.17.0-1032-nvidia	6.17.0-1032.32	arm64
linux-tools-common	6.8.0-139.139	all
linux-tools-nvidia-hwe-24.04	6.17.0-1032.32	arm64
lldpd	1.0.18-1build3	arm64
localechooser-data	2.89ubuntu6	all
locales	2.39-0ubuntu8.8	all
login	1:4.13+dfsg1-4ubuntu3.2	arm64
logrotate	3.21.0-2build1	arm64
logsave	1.47.0-2.4~exp1ubuntu4.1	arm64
lp-solve	5.5.2.5-2ubuntu0.1	arm64
lsb-base	11.6	all
lsb-release	12.0-2	all
lshw	02.19.git.2021.06.19.996aaad9c7-2ubuntu0.24.04.1	arm64
lsof	4.95.0-1build3	arm64
lsscsi	0.32-1build1	arm64
lto-disabled-list	47	all
lvm2	2.03.16-3ubuntu3.2	arm64
lxd-agent-loader	0.7ubuntu0.1	all
lxd-installer	4ubuntu0.1	all
m17n-db	1.8.5-1	all
m4	1.4.19-4build1	arm64
make	4.3-4.1build2	arm64
makedumpfile	1:1.7.5-1ubuntu1	arm64
man-db	2.12.0-4build2	arm64
manpages	6.7-2	all
manpages-dev	6.7-2	all
mawk	1.3.4.20240123-1build1	arm64
mdadm	4.3-1ubuntu2.1	arm64
media-player-info	24-3	all
media-types	10.1.0	all
mesa-libgallium	25.2.8-0ubuntu0.24.04.2	arm64
mesa-va-drivers	25.2.8-0ubuntu0.24.04.2	arm64
mesa-vulkan-drivers	25.2.8-0ubuntu0.24.04.2	arm64
mlnx-pxe-setup	25.05-1	all
mobile-broadband-provider-info	20230416-1	all
modemmanager	1.23.4-0ubuntu2	arm64
mokutil	0.6.0-2build3	arm64
motd-news-config	13ubuntu10.3	all
mount	2.39.3-9ubuntu6.6	arm64
mousetweaks	3.32.0-4build2	arm64
mozc-data	2.28.4715.102+dfsg-2.2build7	all
mozc-server	2.28.4715.102+dfsg-2.2build7	arm64
mscompress	0.4-10build1	arm64
msecli	10.01.012024.00	arm64
mstflint	4.26.0+1-2ubuntu3	arm64
mtr-tiny	0.95-1.1ubuntu0.1	arm64
multipath-tools	0.9.4-5ubuntu8.2	arm64
mutter-common	46.2-1ubuntu0.24.04.16	all
mutter-common-bin	46.2-1ubuntu0.24.04.16	arm64
mythes-de	20160424-4	all
mythes-de-ch	20160424-4	all
mythes-en-au	2.1-6	all
mythes-en-us	1:24.2.1-1	all
mythes-es	1:24.2.1-1	all
mythes-fr	1:24.2.1-1	all
mythes-it	1:24.2.1-1	all
mythes-pt-pt	1:24.2.1-1	all
mythes-ru	1:24.2.1-1	all
nano	7.2-2ubuntu0.2	arm64
nautilus	1:46.4-0ubuntu0.2	arm64
nautilus-data	1:46.4-0ubuntu0.2	all
nautilus-extension-gnome-terminal	3.52.0-1ubuntu2	arm64
nautilus-sendto	3.8.6-7build2	arm64
nautilus-share	0.7.5-0.3build2	arm64
ncurses-base	6.4+20240113-1ubuntu2.2	all
ncurses-bin	6.4+20240113-1ubuntu2.2	arm64
needrestart	3.6-7ubuntu4.5	all
net-tools	2.10-0.1ubuntu4.4	arm64
netbase	6.4	all
netcat-openbsd	1.226-1ubuntu2	arm64
netplan-generator	1.1.2-8ubuntu1~24.04.2	arm64
netplan.io	1.1.2-8ubuntu1~24.04.2	arm64
network-manager	1.46.0-1ubuntu2.8	arm64
network-manager-config-connectivity-ubuntu	1.46.0-1ubuntu2.8	all
network-manager-gnome	1.34.0-1ubuntu3	arm64
network-manager-openvpn	1.10.2-4ubuntu0.2	arm64
network-manager-openvpn-gnome	1.10.2-4ubuntu0.2	arm64
network-manager-pptp	1.2.12-3build2	arm64
network-manager-pptp-gnome	1.2.12-3build2	arm64
networkd-dispatcher	2.2.4-1	all
nfs-common	1:2.6.4-3ubuntu5.1	arm64
nftables	1.0.9-1ubuntu0.1	arm64
nsight-compute-2025.3.1	2025.3.1.4-1	arm64
nsight-systems-2025.3.2	2025.3.2.474-253236389321v0	arm64
ntfs-3g	1:2022.10.3-1.2ubuntu3.2	arm64
numactl	2.0.18-1ubuntu0.24.04.1	arm64
nv-common-apis	26.03-2	all
nv-cpu-governor	22.05-1	all
nv-docker-gpus	25.08-1	all
nv-docker-options	25.05-1	all
nv-env-paths	20.01-1	all
nv-grubserial	26.03-1	all
nv-iommu	25.12-1	all
nv-ipmi-devintf	25.10-1	all
nv-limits	25.10-1	all
nv-no-grubmenu	26.01-1	all
nv-persistence-mode	25.10-1	all
nv-update-disable	25.10-1	all
nv-vulkan-desktop-ppa	25.10-1	all
nv-xorg-simpledrm	25.08-1	all
nv-yaru-theme-all	22.10-1	all
nvgpu-services-list	22.05-1	all
nvidia-ai-workbench	0.170.22~7-8076	arm64
nvidia-compute-utils-580	580.173.02-0ubuntu0.24.04.1	arm64
nvidia-conf-xconfig	26.02-1	all
nvidia-console-settings	25.07-1	all
nvidia-container-toolkit	1.20.0-1	arm64
nvidia-container-toolkit-base	1.20.0-1	arm64
nvidia-cppc-cpufreq-options	25.06-1	all
nvidia-crashdump	25.08-1	all
nvidia-desktop-default-remove-gnome-software-deb	25.10-1	all
nvidia-desktop-default-snaps	25.10-2	arm64
nvidia-dgx-telemetry	4.11	arm64
nvidia-disable-aqc-nic	25.06-1	all
nvidia-disable-init-on-alloc	24.10-1	all
nvidia-disable-numa-balancing	24.10-2	all
nvidia-driver-580-open	580.173.02-0ubuntu0.24.04.1	arm64
nvidia-drm-options-modeset0	25.07-1	all
nvidia-earlycon	25.06-1	all
nvidia-enable-bt-profiles	26.03-1	all
nvidia-enable-power-meter-cap	24.10-3	all
nvidia-esm-hook-epilogue	23.03-2	all
nvidia-firmware-580-580.126.09	580.126.09-0ubuntu0.24.04.2	arm64
nvidia-firmware-580-580.173.02	580.173.02-0ubuntu0.24.04.1	arm64
nvidia-grub-params	25.10-1	all
nvidia-kernel-common-580	580.173.02-0ubuntu0.24.04.1	arm64
nvidia-kernel-defaults	21.05-1	all
nvidia-kernel-source-580-open	580.173.02-0ubuntu0.24.04.1	arm64
nvidia-logrotate	21.11-1	all
nvidia-lvfs-config	25.09-1	all
nvidia-mlnx-tools	23.04	all
nvidia-modprobe	610.57.04-1ubuntu1	arm64
nvidia-motd	24.01-1	all
nvidia-mstflint-loader	23.03-1	all
nvidia-no-systemd-suspend	25.06-1	all
nvidia-nvme-options	26.02-1	all
nvidia-pci-realloc	25.02-1	all
nvidia-plymouth	20.06-2	all
nvidia-raid-config	25.10-1	all
nvidia-redfish-config	25.03-1	all
nvidia-relaxed-ordering-gpu	25.07-2	all
nvidia-relaxed-ordering-nvme	25.07-2	all
nvidia-repo-keys	26.02-1	all
nvidia-sbsa-gwdt-options	25.06-1	arm64
nvidia-settings	610.57.04-1ubuntu1	arm64
nvidia-spark-baud-rate	25.09-1	all
nvidia-spark-default-remove-nvidia-fs-pkg	25.09-2	all
nvidia-spark-desktop-edge-ppa	1.1-1	arm64
nvidia-spark-fstab-config	1.0.0-1	arm64
nvidia-spark-grub-pci	1.0-1	arm64
nvidia-spark-initcall-bl	1.0-1	arm64
nvidia-spark-mlnx-firmware-manager	5.0.8-1	arm64
nvidia-spark-realtek-mod-options	1.1-1	arm64
nvidia-spark-repo	1.1-1	arm64
nvidia-spark-run-apt-upgrade	25.10-2	all
nvidia-spark-wifi-fw-ppa	1.1-1	arm64
nvidia-system-core	2404.26.01-1	all
nvidia-system-extra	2404.26.01-1	all
nvidia-system-station	2404.26.01-1	all
nvidia-system-station-apps	2404.26.01-1	all
nvidia-system-station-common	2404.26.01-1	all
nvidia-system-station-core	2404.26.01-1	all
nvidia-system-station-games	2404.26.01-1	all
nvidia-system-station-localization	2404.26.01-1	all
nvidia-system-station-utils	2404.26.01-1	arm64
nvidia-system-utils	2404.25.09-2	all
nvidia-update-manager	20.06-1	all
nvidia-utils-580	580.173.02-0ubuntu0.24.04.1	arm64
nvme-cli	2.8-1ubuntu0.1	arm64
ocl-icd-libopencl1	2.3.2-1build1	arm64
oobe-customize	1.0	arm64
open-iscsi	2.1.9-3ubuntu5.4	arm64
open-vm-tools	2:13.0.10-0ubuntu0.24.04.1	arm64
openjdk-8-jre	8u502-ga~us1-0ubuntu1~24.04	arm64
openjdk-8-jre-headless	8u502-ga~us1-0ubuntu1~24.04	arm64
openprinting-ppds	20230202-1	all
openssh-client	1:9.6p1-3ubuntu13.19	arm64
openssh-server	1:9.6p1-3ubuntu13.19	arm64
openssh-sftp-server	1:9.6p1-3ubuntu13.19	arm64
openssl	3.0.13-0ubuntu3.15	arm64
openvpn	2.6.19-0ubuntu0.24.04.3	arm64
orca	46.1-1ubuntu1	all
os-prober	1.81ubuntu4	arm64
overlayroot	0.49~24.04.1	all
p11-kit	0.25.3-4ubuntu2.2	arm64
p11-kit-modules	0.25.3-4ubuntu2.2	arm64
packagekit	1.2.8-2ubuntu1.5	arm64
packagekit-tools	1.2.8-2ubuntu1.5	arm64
parted	3.6-4build1	arm64
passwd	1:4.13+dfsg1-4ubuntu3.2	arm64
pastebinit	1.6.2-1	all
patch	2.7.6-7build3	arm64
pci.ids	0.0~2024.03.31-1ubuntu0.1	all
pciutils	1:3.10.0-2build1	arm64
pcmciautils	018-14build1	arm64
perftest	24.01.0+0.38-1build2	arm64
perl	5.38.2-3.2ubuntu0.4	arm64
perl-base	5.38.2-3.2ubuntu0.4	arm64
perl-modules-5.38	5.38.2-3.2ubuntu0.4	all
perl-openssl-defaults	7build3	arm64
pinentry-curses	1.2.1-3ubuntu5	arm64
pinentry-gnome3	1.2.1-3ubuntu5	arm64
pipewire	1.0.5-1ubuntu3.3	arm64
pipewire-alsa	1.0.5-1ubuntu3.3	arm64
pipewire-audio	1.0.5-1ubuntu3.3	all
pipewire-bin	1.0.5-1ubuntu3.3	arm64
pipewire-module-xrdp	0.2-2	all
pipewire-pulse	1.0.5-1ubuntu3.3	arm64
pkexec	124-2ubuntu1.24.04.3	arm64
pkg-config	1.8.1-2build1	arm64
pkgconf	1.8.1-2build1	arm64
pkgconf-bin	1.8.1-2build1	arm64
plymouth	24.004.60-1ubuntu7.2	arm64
plymouth-label	24.004.60-1ubuntu7.2	arm64
plymouth-theme-spinner	24.004.60-1ubuntu7.2	arm64
plymouth-theme-ubuntu-text	24.004.60-1ubuntu7.2	arm64
plymouth-themes	24.004.60-1ubuntu7.2	arm64
pm-utils	1.4.1-21	all
policykit-1	124-2ubuntu1.24.04.3	arm64
policykit-desktop-privileges	0.22	all
polkitd	124-2ubuntu1.24.04.3	arm64
pollinate	4.33-3.1ubuntu1.3	all
poppler-data	0.4.12-1	all
poppler-utils	24.02.0-1ubuntu9.9	arm64
powercap-utils	0.6.0-1	arm64
powermgmt-base	1.37ubuntu0.1	all
ppp	2.4.9-1+1.1ubuntu4	arm64
pptp-linux	1.10.0-1build4	arm64
printer-driver-brlaser	6-3build2	arm64
printer-driver-c2esp	27-11ubuntu7	arm64
printer-driver-foo2zjs	20200505dfsg0-2ubuntu6	arm64
printer-driver-foo2zjs-common	20200505dfsg0-2ubuntu6	all
printer-driver-hpcups	3.23.12+dfsg0-0ubuntu5.1	arm64
printer-driver-m2300w	0.51-15build2	arm64
printer-driver-min12xxw	0.0.9-11build3	arm64
printer-driver-pnm2ppa	1.13+nondbs-0ubuntu10	arm64
printer-driver-postscript-hp	3.23.12+dfsg0-0ubuntu5.1	arm64
printer-driver-ptouch	1.7-1build2	arm64
printer-driver-pxljr	1.4+repack0-6build2	arm64
printer-driver-sag-gdi	0.1-8	all
printer-driver-splix	2.0.0+svn315-7fakesync1ubuntu1	arm64
procps	2:4.0.4-4ubuntu3.3	arm64
psmisc	23.7-1build1	arm64
publicsuffix	20231001.0357-0.1	all
python-apt-common	2.7.7ubuntu5.3	all
python-babel-localedata	2.10.3-3build1	all
python3	3.12.3-0ubuntu2.1	arm64
python3-apport	2.28.3-0ubuntu0.1	all
python3-apt	2.7.7ubuntu5.3	arm64
python3-aptdaemon	1.1.1+bzr982-0ubuntu44	all
python3-aptdaemon.gtk3widgets	1.1.1+bzr982-0ubuntu44	all
python3-attr	23.2.0-2	all
python3-automat	22.10.0-2	all
python3-babel	2.10.3-3build1	all
python3-bcrypt	3.2.2-1build1	arm64
python3-blinker	1.7.0-1	all
python3-boto3	1.34.46+dfsg-1ubuntu1	all
python3-botocore	1.34.46+repack-1ubuntu1	all
python3-bpfcc	0.29.1+ds-1ubuntu7	all
python3-brlapi	6.6-4ubuntu5	arm64
python3-cairo	1.25.1-2build2	arm64
python3-certifi	2023.11.17-1	all
python3-cffi-backend	1.16.0-2build1	arm64
python3-chardet	5.2.0+dfsg-1	all
python3-click	8.1.6-2	all
python3-colorama	0.4.6-4	all
python3-commandnotfound	23.04.0	all
python3-configobj	5.0.8-3	all
python3-constantly	23.10.4-1	all
python3-cryptography	41.0.7-4ubuntu0.4	arm64
python3-cups	2.0.1-5build6	arm64
python3-cupshelpers	1.5.18-1ubuntu9	all
python3-dateutil	2.8.2-3ubuntu1	all
python3-dbus	1.3.2-5build3	arm64
python3-debconf	1.5.86ubuntu1	all
python3-debian	0.1.49ubuntu2	all
python3-defer	1.0.6-2.1ubuntu1	all
python3-distro	1.9.0-1	all
python3-distro-info	1.7build1	all
python3-distupgrade	1:24.04.27	all
python3-dnspython	2.6.1-1ubuntu1	all
python3-fasteners	0.18-2	all
python3-freetype	2.4.0-1	all
python3-gdbm	3.12.3-0ubuntu1	arm64
python3-gi	3.48.2-1	arm64
python3-gi-cairo	3.48.2-1	arm64
python3-hamcrest	2.1.0-1	all
python3-httplib2	0.20.4-3ubuntu0.1	all
python3-hyperlink	21.0.0-5	all
python3-ibus-1.0	1.5.29-2	all
python3-idna	3.6-2ubuntu0.2	all
python3-incremental	22.10.0-1	all
python3-jinja2	3.1.2-1ubuntu1.3	all
python3-jmespath	1.0.1-1	all
python3-json-pointer	2.0-0ubuntu1	all
python3-jsonpatch	1.32-3	all
python3-jsonschema	4.10.3-2ubuntu1	all
python3-jwt	2.7.0-1ubuntu0.1	all
python3-launchpadlib	1.11.0-6	all
python3-lazr.restfulclient	0.14.6-1	all
python3-lazr.uri	1.0.6-3	all
python3-ldb	2:2.8.0+samba4.19.5+dfsg-4ubuntu9.7	arm64
python3-libevdev	0.5-3	all
python3-louis	3.29.0-1build1	all
python3-magic	2:0.4.27-3	all
python3-mako	1.3.2-1ubuntu0.1	all
python3-markdown	3.5.2-1	all
python3-markdown-it	3.0.0-2	all
python3-markupsafe	2.1.5-1build2	arm64
python3-mdurl	0.1.2-1	all
python3-minimal	3.12.3-0ubuntu2.1	arm64
python3-monotonic	1.6-2	all
python3-nacl	1.5.0-4build1	arm64
python3-netaddr	0.8.0-2ubuntu1	all
python3-netifaces	0.11.0-2build3	arm64
python3-netplan	1.1.2-8ubuntu1~24.04.2	arm64
python3-newt	0.52.24-2ubuntu2	arm64
python3-oauthlib	3.2.2-1	all
python3-olefile	0.46-3	all
python3-openssl	23.2.0-1ubuntu0.1	all
python3-packaging	24.0-1	all
python3-paramiko	2.12.0-2ubuntu4.1	all
python3-pexpect	4.9-2	all
python3-pil	10.2.0-1ubuntu1.3	arm64
python3-pip	24.0+dfsg-1ubuntu1.3	all
python3-pip-whl	24.0+dfsg-1ubuntu1.3	all
python3-pkg-resources	68.1.2-2ubuntu1.2	all
python3-problem-report	2.28.3-0ubuntu0.1	all
python3-psutil	5.9.8-2build2	arm64
python3-ptyprocess	0.7.0-5	all
python3-pyasn1	0.4.8-4ubuntu0.3	all
python3-pyasn1-modules	0.2.8-1	all
python3-pygments	2.17.2+dfsg-1	all
python3-pyparsing	3.1.1-1	all
python3-pyrsistent	0.20.0-1build2	arm64
python3-pyudev	0.24.0-1	all
python3-reportlab	4.1.0-4	all
python3-requests	2.31.0+dfsg-1ubuntu1.1	all
python3-rich	13.7.1-1	all
python3-rlpycairo	0.3.0-3	all
python3-s3transfer	0.10.1-1ubuntu2	all
python3-samba	2:4.19.5+dfsg-4ubuntu9.7	arm64
python3-serial	3.5-2	all
python3-service-identity	24.1.0-1	all
python3-setuptools	68.1.2-2ubuntu1.2	all
python3-setuptools-whl	68.1.2-2ubuntu1.2	all
python3-six	1.16.0-4	all
python3-software-properties	0.99.49.4	all
python3-speechd	0.12.0~rc2-2build3	all
python3-systemd	235-1build4	arm64
python3-talloc	2.4.2-1build2	arm64
python3-tdb	1.4.10-1build1	arm64
python3-twisted	24.3.0-1ubuntu0.2	all
python3-tz	2024.1-2	all
python3-uno	4:24.2.7-0ubuntu0.24.04.6	arm64
python3-update-manager	1:24.04.12	all
python3-urllib3	2.0.7-1ubuntu0.7	all
python3-venv	3.12.3-0ubuntu2.1	arm64
python3-wadllib	1.3.6-5	all
python3-wheel	0.42.0-2	all
python3-xdg	0.28-2	all
python3-xkit	0.5.0ubuntu6	all
python3-yaml	6.0.1-2build2	arm64
python3-zope.interface	6.1-1build1	arm64
python3.12	3.12.3-1ubuntu0.16	arm64
python3.12-minimal	3.12.3-1ubuntu0.16	arm64
python3.12-venv	3.12.3-1ubuntu0.16	arm64
quota	4.06-1build6	arm64
rasdaemon	0.8.0-2	arm64
rdma-core	50.0-2ubuntu0.2	arm64
rdmacm-utils	50.0-2ubuntu0.2	arm64
readline-common	8.2-4build1	all
reiserfsprogs	1:3.6.27-7.1build1	arm64
remmina	1.4.43+dfsg-0ubuntu0.24.04.2	arm64
remmina-common	1.4.43+dfsg-0ubuntu0.24.04.2	all
remmina-plugin-rdp	1.4.43+dfsg-0ubuntu0.24.04.2	arm64
remmina-plugin-secret	1.4.43+dfsg-0ubuntu0.24.04.2	arm64
remmina-plugin-vnc	1.4.43+dfsg-0ubuntu0.24.04.2	arm64
rfkill	2.39.3-9ubuntu6.6	arm64
rhythmbox	3.4.7-2ubuntu6	arm64
rhythmbox-data	3.4.7-2ubuntu6	all
rhythmbox-plugin-alternative-toolbar	0.20.4-1	all
rhythmbox-plugins	3.4.7-2ubuntu6	arm64
rpcbind	1.2.6-7ubuntu2	arm64
rpcsvc-proto	1.4.2-0ubuntu7	arm64
rsync	3.2.7-1ubuntu1.5	arm64
rsyslog	8.2312.0-3ubuntu9.3	arm64
rtkit	0.13-5build1	arm64
run-one	1.17-0ubuntu2	all
rygel	0.42.5-1ubuntu3	arm64
samba	2:4.19.5+dfsg-4ubuntu9.7	arm64
samba-common	2:4.19.5+dfsg-4ubuntu9.7	all
samba-common-bin	2:4.19.5+dfsg-4ubuntu9.7	arm64
samba-libs	2:4.19.5+dfsg-4ubuntu9.7	arm64
sane-utils	1.2.1-7build4	arm64
sbsigntool	0.9.4-3.1ubuntu7	arm64
screen	4.9.1-1ubuntu1	arm64
screen-resolution-extra	0.18.3ubuntu0.24.04.1	all
seahorse	43.0-3build2	arm64
secureboot-db	1.9build1	arm64
sed	4.9-2ubuntu0.24.04.1	arm64
sensible-utils	0.0.22	all
session-migration	0.3.9build1	arm64
sg3-utils	1.46-3ubuntu4	arm64
sg3-utils-udev	1.46-3ubuntu4	all
sgml-base	1.31	all
sgml-data	2.0.11+nmu1	all
shared-mime-info	2.4-4	arm64
shim-signed	1.58+15.8-0ubuntu1	arm64
shotwell	0.32.6-1ubuntu3	arm64
shotwell-common	0.32.6-1ubuntu3	all
simple-scan	46.0-0ubuntu2.1	arm64
smartmontools	7.4-2build1	arm64
snapd	2.76.3+ubuntu24.04	arm64
software-properties-common	0.99.49.4	all
software-properties-gtk	0.99.49.4	all
sosreport	4.10.2-0ubuntu0~24.04.1	arm64
sound-icons	0.1-8	all
sound-theme-freedesktop	0.8-2ubuntu1	all
speech-dispatcher	0.12.0~rc2-2build3	arm64
speech-dispatcher-audio-plugins	0.12.0~rc2-2build3	arm64
speech-dispatcher-espeak-ng	0.12.0~rc2-2build3	arm64
spice-vdagent	0.22.1-4ubuntu0.1	arm64
sqlite3	3.45.1-1ubuntu2.7	arm64
squashfs-tools	1:4.6.1-1build1	arm64
srptools	50.0-2ubuntu0.2	arm64
ssh	1:9.6p1-3ubuntu13.19	all
ssh-import-id	5.11-0ubuntu2.24.04.1	all
ssl-cert	1.1.2ubuntu1	all
strace	6.8-0ubuntu2	arm64
sudo	1.9.15p5-3ubuntu5.24.04.2	arm64
swig	4.2.0-2ubuntu1	arm64
switcheroo-control	2.6-2build2	arm64
sysstat	12.6.1-2	arm64
system-config-printer-common	1.5.18-1ubuntu9	all
system-config-printer-udev	1.5.18-1ubuntu9	arm64
systemd	255.4-1ubuntu8.17	arm64
systemd-dev	255.4-1ubuntu8.17	all
systemd-hwe-hwdb	255.1.7	all
systemd-resolved	255.4-1ubuntu8.17	arm64
systemd-sysv	255.4-1ubuntu8.17	arm64
systemd-timesyncd	255.4-1ubuntu8.17	arm64
sysvinit-utils	3.08-6ubuntu3	arm64
tailscale	1.102.3	arm64
tailscale-archive-keyring	1.35.181	all
tar	1.35+dfsg-3ubuntu0.4	arm64
tcl	8.6.14build1	arm64
tcl8.6	8.6.14+dfsg-1build1	arm64
tcpdump	4.99.4-3ubuntu4.24.04.1	arm64
tdb-tools	1.4.10-1build1	arm64
tecla	46.0-1ubuntu0.1	arm64
telnet	0.17+2.5-3ubuntu4.2	all
thin-provisioning-tools	0.9.0-2ubuntu5.1	arm64
thunderbird	2:1snap1-0ubuntu3	arm64
thunderbird-locale-de	2:1snap1-0ubuntu3	all
thunderbird-locale-en	2:1snap1-0ubuntu3	all
thunderbird-locale-en-gb	2:1snap1-0ubuntu3	all
thunderbird-locale-en-us	2:1snap1-0ubuntu3	all
thunderbird-locale-es	2:1snap1-0ubuntu3	all
thunderbird-locale-es-ar	2:1snap1-0ubuntu3	all
thunderbird-locale-es-es	2:1snap1-0ubuntu3	all
thunderbird-locale-fr	2:1snap1-0ubuntu3	all
thunderbird-locale-it	2:1snap1-0ubuntu3	all
thunderbird-locale-pt	2:1snap1-0ubuntu3	all
thunderbird-locale-pt-br	2:1snap1-0ubuntu3	all
thunderbird-locale-pt-pt	2:1snap1-0ubuntu3	all
thunderbird-locale-ru	2:1snap1-0ubuntu3	all
thunderbird-locale-zh-cn	2:1snap1-0ubuntu3	all
thunderbird-locale-zh-hans	2:1snap1-0ubuntu3	all
thunderbird-locale-zh-hant	2:1snap1-0ubuntu3	all
thunderbird-locale-zh-tw	2:1snap1-0ubuntu3	all
time	1.9-0.2build1	arm64
tmux	3.4-1ubuntu0.1	arm64
tnftp	20230507-2build3	arm64
totem	43.0-2ubuntu4	arm64
totem-common	43.0-2ubuntu4	all
totem-plugins	43.0-2ubuntu4	arm64
tpm-udev	0.6ubuntu1	all
tpm2-tools	5.6-1build4	arm64
trace-cmd	3.2-1ubuntu2	arm64
tracker	3.7.1-1build1	arm64
tracker-extract	3.7.1-1ubuntu0.1	arm64
tracker-miner-fs	3.7.1-1ubuntu0.1	arm64
transmission-common	4.0.5-1ubuntu0.1	arm64
transmission-gtk	4.0.5-1ubuntu0.1	arm64
tzdata	2026c-0ubuntu0.24.04.1	all
ubuntu-advantage-desktop-daemon	1.11ubuntu0.1	arm64
ubuntu-advantage-tools	37.2ubuntu~24.04.1	all
ubuntu-desktop	1.539.2	arm64
ubuntu-desktop-minimal	1.539.2	arm64
ubuntu-docs	24.04.2	all
ubuntu-drivers-common	1:0.9.7.6ubuntu3.7	arm64
ubuntu-kernel-accessories	1.539.2	arm64
ubuntu-keyring	2023.11.28.1	all
ubuntu-minimal	1.539.2	arm64
ubuntu-mono	24.04-0ubuntu1	all
ubuntu-pro-client	37.2ubuntu~24.04.1	arm64
ubuntu-pro-client-l10n	37.2ubuntu~24.04.1	arm64
ubuntu-release-upgrader-core	1:24.04.27	all
ubuntu-release-upgrader-gtk	1:24.04.27	all
ubuntu-report	1.7.3ubuntu0.24.04.3	arm64
ubuntu-server	1.539.2	arm64
ubuntu-server-minimal	1.539.2	arm64
ubuntu-session	46.0-1ubuntu4	all
ubuntu-settings	24.04.6	all
ubuntu-standard	1.539.2	arm64
ubuntu-wallpapers	24.04.2	all
ubuntu-wallpapers-noble	24.04.2	all
ucf	3.0043+nmu1	all
ucx-utils	1.16.0+ds-5ubuntu1	arm64
udev	255.4-1ubuntu8.17	arm64
udisks2	2.10.1-6ubuntu1.5	arm64
ufw	0.36.2-6	all
unminimize	0.2.1	arm64
uno-libs-private	4:24.2.7-0ubuntu0.24.04.6	arm64
unzip	6.0-28ubuntu4.1	arm64
update-inetd	4.53	all
update-manager	1:24.04.12	all
update-manager-core	1:24.04.12	all
update-notifier	3.192.68.2	arm64
update-notifier-common	3.192.68.2	all
upower	1.90.3-1	arm64
ure	4:24.2.7-0ubuntu0.24.04.6	arm64
ure-java	4:24.2.7-0ubuntu0.24.04.6	arm64
usb-creator-common	0.3.17	all
usb-creator-gtk	0.3.17	all
usb-modeswitch	2.6.1-3ubuntu3	arm64
usb-modeswitch-data	20191128-6	all
usb.ids	2024.03.18-1	all
usbmuxd	1.1.1-5~exp3ubuntu2.1	arm64
usbutils	1:017-3build1	arm64
user-session-migration	0.4.1ubuntu3	arm64
util-linux	2.39.3-9ubuntu6.6	arm64
uuid-runtime	2.39.3-9ubuntu6.6	arm64
va-driver-all	2.20.0-2ubuntu0.2	arm64
vim	2:9.1.0016-1ubuntu7.20	arm64
vim-common	2:9.1.0016-1ubuntu7.20	all
vim-runtime	2:9.1.0016-1ubuntu7.20	all
vim-tiny	2:9.1.0016-1ubuntu7.20	arm64
vino	3.22.0-6ubuntu5	arm64
vlan	2.0.5ubuntu5	all
wamerican	2020.12.07-2	all
wbrazilian	3.0~beta4-25	all
wbritish	2020.12.07-2	all
webp-pixbuf-loader	0.2.4-2build2	arm64
wfrench	1.2.7-2	all
wget	1.21.4-1ubuntu4.5	arm64
whiptail	0.52.24-2ubuntu2	arm64
whoopsie-preferences	23build3	arm64
wine	9.0~repack-4build3	all
wine64	9.0~repack-4build3	arm64
wireless-regdb	2026.02.04-0ubuntu1~24.04.1	all
wireless-tools	30~pre9-16.1ubuntu2	arm64
wireplumber	0.4.17-1ubuntu4.1	arm64
witalian	1.10	all
wngerman	20161207-12	all
wogerman	1:2-39	all
wpasupplicant	2:2.11-0ubuntu5~24.04.1	arm64
wportuguese	20220621-1	all
wspanish	1.0.30	all
wswiss	20161207-12	all
x11-apps	7.7+11build3	arm64
x11-common	1:7.7+23ubuntu3	all
x11-session-utils	7.7+6build2	arm64
x11-utils	7.7+6build2	arm64
x11-xkb-utils	7.7+8build2	arm64
x11-xserver-utils	7.7+10build2	arm64
xauth	1:1.1.2-1build1	arm64
xbitmaps	1.1.1-2.2	all
xbrlapi	6.6-4ubuntu5	arm64
xcursor-themes	1.0.6-0ubuntu1	all
xdg-dbus-proxy	0.1.5-1ubuntu0.2	arm64
xdg-desktop-portal	1.18.4-1ubuntu2.24.04.2	arm64
xdg-desktop-portal-gnome	46.2-0ubuntu1	arm64
xdg-desktop-portal-gtk	1.15.1-1build2	arm64
xdg-user-dirs	0.18-1build1	arm64
xdg-user-dirs-gtk	0.11-1build2	arm64
xdg-utils	1.1.3-4.1ubuntu3	all
xfonts-base	1:1.0.5+nmu1	all
xfonts-encodings	1:1.0.5-0ubuntu2	all
xfonts-utils	1:7.7+6build3	arm64
xfsprogs	6.6.0-1ubuntu2.1	arm64
xinit	1.4.1-0ubuntu5	arm64
xinput	1.6.4-1build1	arm64
xkb-data	2.41-2ubuntu1.1	all
xml-core	0.19	all
xorg	1:7.7+23ubuntu3	arm64
xorg-docs-core	1:1.7.1-1.2	all
xorgxrdp	1:0.9.19-1	arm64
xorriso	1:1.5.6-1.1ubuntu3	arm64
xrdp	0.9.24-4ubuntu0.1~esm1	arm64
xserver-common	2:21.1.12-1ubuntu1.6	all
xserver-xorg	1:7.7+23ubuntu3	arm64
xserver-xorg-core	2:21.1.12-1ubuntu1.6	arm64
xserver-xorg-input-all	1:7.7+23ubuntu3	arm64
xserver-xorg-input-libinput	1.4.0-1ubuntu24.04.1	arm64
xserver-xorg-video-nvidia-580	580.173.02-0ubuntu0.24.04.1	arm64
xul-ext-ubufox	3.4-0ubuntu1.17.10.4	all
xwayland	2:23.2.6-1ubuntu0.8	arm64
xxd	2:9.1.0016-1ubuntu7.20	arm64
xz-utils	5.6.1+really5.4.5-1ubuntu0.3	arm64
yaru-theme-gnome-shell	24.04.2-nvidia	all
yaru-theme-gtk	24.04.2-nvidia	all
yaru-theme-icon	24.04.2-nvidia	all
yaru-theme-sound	24.04.2-nvidia	all
yaru-theme-unity	24.04.2-nvidia	all
yelp	42.2-1ubuntu0.24.04.2	arm64
yelp-xsl	42.1-2ubuntu0.24.04.1	all
zenity	4.0.1-1build3	arm64
zenity-common	4.0.1-1build3	all
zerofree	1.1.1-1build5	arm64
zip	3.0-13ubuntu0.2	arm64
zlib1g	1:1.3.dfsg-3.1ubuntu2.2	arm64
zlib1g-dev	1:1.3.dfsg-3.1ubuntu2.2	arm64
zstd	1.5.5+dfsg2-2build1.1	arm64
